{
  "config": {
    "run_name": "exp1.3",
    "out_dir": "./results",
    "seed": 42,
    "device": null,
    "bs_train": 100,
    "bs_test": 25,
    "batches": 10,
    "epochs": 60,
    "early_stopping": 5,
    "checkpoints": null,
    "lr": 0.001,
    "reg": 0.001,
    "filters_per_layer": [
      64,
      128,
      256
    ],
    "pool_every": 3,
    "hidden_dims": [
      100
    ],
    "model_type": "resnet",
    "kw": {},
    "layers_per_block": 1
  },
  "results": {
    "num_epochs": 0,
    "train_loss": [
      1.9853411865234376,
      1.7594830322265624,
      1.6339541015625,
      1.532785400390625,
      1.440923095703125,
      1.3679053955078124,
      1.3077242431640625,
      1.2492296142578125,
      1.1895841064453125,
      1.134263671875,
      1.0840718994140626,
      1.0364376220703124,
      0.990706787109375,
      0.9448582763671876,
      0.89878759765625,
      0.8523726806640625,
      0.806226318359375,
      0.7613170166015625,
      0.7170060424804687,
      0.672736328125,
      0.6294073486328124,
      0.5851528930664063,
      0.5404343872070313,
      0.4958249816894531
    ],
    "train_acc": [
      29.0,
      37.914,
      42.196,
      45.638,
      48.748,
      51.496,
      53.722,
      55.88,
      58.176,
      60.056,
      61.86,
      63.604,
      65.346,
      67.088,
      68.836,
      70.5,
      72.17,
      73.944,
      75.546,
      77.062,
      78.634,
      80.284,
      82.008,
      83.668
    ],
    "test_loss": [
      1.8449673461914062,
      1.6903703308105469,
      1.571154327392578,
      1.4804058837890626,
      1.4026982116699218,
      1.3411752319335937,
      1.2965518188476564,
      1.260009994506836,
      1.2140807342529296,
      1.169535140991211,
      1.1275447082519532,
      1.0914877319335938,
      1.0615766906738282,
      1.0306376647949218,
      1.0056900787353515,
      0.9816797637939453,
      0.9617263793945312,
      0.9491737365722657,
      0.9426178741455078,
      0.9427436828613281,
      0.9473934173583984,
      0.95921142578125,
      0.9830215454101563,
      1.0105145263671875
    ],
    "test_acc": [
      34.73,
      39.77,
      43.89,
      47.16,
      50.1,
      52.18,
      53.59,
      54.93,
      56.89,
      58.58,
      60.14,
      61.36,
      62.69,
      63.8,
      64.96,
      65.72,
      66.39,
      67.05,
      67.4,
      67.83,
      67.88,
      67.79,
      67.65,
      67.72
    ]
  }
}