{
  "config": {
    "run_name": "exp1.2",
    "out_dir": "./results",
    "seed": 42,
    "device": null,
    "bs_train": 100,
    "bs_test": 25,
    "batches": 10,
    "epochs": 60,
    "early_stopping": 5,
    "checkpoints": null,
    "lr": 0.001,
    "reg": 0.001,
    "filters_per_layer": [
      128
    ],
    "pool_every": 2,
    "hidden_dims": [
      100
    ],
    "model_type": "resnet",
    "kw": {},
    "layers_per_block": 8
  },
  "results": {
    "num_epochs": 0,
    "train_loss": [
      2.257981201171875,
      2.0117117919921874,
      1.8884637451171875,
      1.717189697265625,
      1.5788681640625,
      1.4784044189453125,
      1.4007808837890625,
      1.331784912109375,
      1.26721484375,
      1.204961669921875,
      1.1455595703125,
      1.0876427001953124,
      1.0323125,
      0.9798125,
      0.9308458862304687,
      0.8854468383789063,
      0.8429967651367187,
      0.8030386962890625,
      0.7645311889648437,
      0.7277807006835938,
      0.6923364868164062,
      0.658317138671875,
      0.6247687377929687,
      0.5917904052734375,
      0.5597367553710938,
      0.5276229248046875,
      0.4972506103515625
    ],
    "train_acc": [
      16.954,
      26.054,
      31.594,
      37.862,
      42.51,
      46.352,
      49.41,
      52.244,
      54.718,
      57.166,
      59.552,
      61.736,
      63.86,
      65.806,
      67.62,
      69.15,
      70.76,
      72.15,
      73.502,
      74.762,
      76.026,
      77.204,
      78.394,
      79.564,
      80.618,
      81.9,
      83.038
    ],
    "test_loss": [
      2.1398663330078125,
      1.9752210998535156,
      1.777061004638672,
      1.6162115478515624,
      1.50173583984375,
      1.4254557800292968,
      1.3636058044433594,
      1.3164622497558593,
      1.2656678009033202,
      1.213606491088867,
      1.1660210418701171,
      1.1121401214599609,
      1.0582378387451172,
      1.0073861694335937,
      0.9683493041992187,
      0.9368949127197266,
      0.911497802734375,
      0.8895924377441407,
      0.8738079833984375,
      0.860958251953125,
      0.8536734008789062,
      0.8496092987060547,
      0.8511861419677734,
      0.8566014862060547,
      0.8707698822021485,
      0.8959012603759766,
      0.9278209686279297
    ],
    "test_acc": [
      22.95,
      28.74,
      36.69,
      41.23,
      45.83,
      48.88,
      51.62,
      53.63,
      55.52,
      57.62,
      59.52,
      61.3,
      63.73,
      65.57,
      66.56,
      67.61,
      68.65,
      69.54,
      70.32,
      71.14,
      71.5,
      71.69,
      71.92,
      71.74,
      71.45,
      71.34,
      70.72
    ]
  }
}