{
  "config": {
    "run_name": "exp1.2",
    "out_dir": "./results",
    "seed": 42,
    "device": null,
    "bs_train": 100,
    "bs_test": 25,
    "batches": 10,
    "epochs": 60,
    "early_stopping": 5,
    "checkpoints": null,
    "lr": 0.001,
    "reg": 0.001,
    "filters_per_layer": [
      32
    ],
    "pool_every": 2,
    "hidden_dims": [
      100
    ],
    "model_type": "resnet",
    "kw": {},
    "layers_per_block": 8
  },
  "results": {
    "num_epochs": 0,
    "train_loss": [
      2.29910693359375,
      2.279022705078125,
      2.118052978515625,
      1.986645263671875,
      1.91281689453125,
      1.8108306884765626,
      1.696556640625,
      1.6139293212890624,
      1.5540689697265626,
      1.503163818359375,
      1.4561270751953126,
      1.41024365234375,
      1.3699937744140624,
      1.3305523681640625,
      1.290369140625,
      1.2520767822265626,
      1.2149283447265624,
      1.1794244384765624,
      1.146607421875,
      1.115135009765625,
      1.085214599609375,
      1.05854150390625,
      1.0322294921875,
      1.0083890991210938,
      0.9856548461914062,
      0.963706787109375,
      0.9428812866210937,
      0.9233153686523438,
      0.9044381103515625,
      0.8871051025390625,
      0.869235107421875,
      0.8518155517578125,
      0.8353023681640624,
      0.8186112060546875,
      0.8021416625976563,
      0.7865623779296875,
      0.7717638549804687,
      0.7571380615234375,
      0.7429552612304687,
      0.7289614868164063,
      0.7155271606445313,
      0.7030682983398437,
      0.690052978515625,
      0.6778162841796875,
      0.6649629516601563,
      0.6529953002929687,
      0.6414374389648437,
      0.629364501953125,
      0.6183998413085937,
      0.6085084228515625,
      0.5977828979492188,
      0.5874249877929687,
      0.5761076049804688,
      0.5659893188476562,
      0.5563718872070312,
      0.5454747314453126,
      0.5375684814453126,
      0.528325439453125
    ],
    "train_acc": [
      12.676,
      15.506,
      21.764,
      25.838,
      29.374,
      34.018,
      38.046,
      40.982,
      43.434,
      45.566,
      47.342,
      49.11,
      50.684,
      52.308,
      53.71,
      55.25,
      56.83,
      58.086,
      59.24,
      60.54,
      61.618,
      62.568,
      63.524,
      64.462,
      65.262,
      66.006,
      66.79,
      67.568,
      68.194,
      68.776,
      69.496,
      70.09,
      70.572,
      71.212,
      71.84,
      72.392,
      72.858,
      73.462,
      73.944,
      74.49,
      75.0,
      75.448,
      75.94,
      76.288,
      76.826,
      77.204,
      77.598,
      77.974,
      78.336,
      78.674,
      79.062,
      79.442,
      79.972,
      80.344,
      80.726,
      81.14,
      81.436,
      81.808
    ],
    "test_loss": [
      2.2923255920410157,
      2.249992218017578,
      2.015465087890625,
      1.9482980346679688,
      1.8638902282714844,
      1.7348159790039062,
      1.6190663146972657,
      1.5553608703613282,
      1.5127105712890625,
      1.4737615966796875,
      1.4444566345214844,
      1.4100111389160157,
      1.3745974731445312,
      1.3344621276855468,
      1.3125559997558593,
      1.2871868896484375,
      1.251370849609375,
      1.207612533569336,
      1.170011978149414,
      1.135821533203125,
      1.1109596252441407,
      1.0879893493652344,
      1.067149887084961,
      1.0587413787841797,
      1.0437052154541016,
      1.035526580810547,
      1.0370132446289062,
      1.027017593383789,
      1.0176786804199218,
      1.0052970886230468,
      0.9839995574951171,
      0.9742393493652344,
      0.9604932403564453,
      0.9512971496582031,
      0.9400466156005859,
      0.9343346405029297,
      0.9278681945800781,
      0.9236105346679687,
      0.9152644348144531,
      0.9119215393066407,
      0.9046493530273437,
      0.9067525482177734,
      0.9074978637695312,
      0.9081731414794922,
      0.9072237396240235,
      0.9107052612304688,
      0.9075020599365234,
      0.9079531097412109,
      0.9113642120361328,
      0.9078803253173828,
      0.9008306884765624,
      0.9023433685302734,
      0.9007274627685546,
      0.9050537109375,
      0.906390151977539,
      0.9088274383544922,
      0.9091134643554688,
      0.9142868041992187
    ],
    "test_acc": [
      10.94,
      17.66,
      25.1,
      28.27,
      31.61,
      37.34,
      41.02,
      43.17,
      45.3,
      47.09,
      48.29,
      49.41,
      51.13,
      52.47,
      53.7,
      54.8,
      56.34,
      57.98,
      59.08,
      60.01,
      60.69,
      61.45,
      62.32,
      62.35,
      62.82,
      63.15,
      62.86,
      63.26,
      63.54,
      64.44,
      65.07,
      65.83,
      66.3,
      66.87,
      67.44,
      67.86,
      68.12,
      68.52,
      68.83,
      69.08,
      69.43,
      69.3,
      69.36,
      69.61,
      69.75,
      69.8,
      70.0,
      69.95,
      69.85,
      69.9,
      70.11,
      70.18,
      70.49,
      70.34,
      70.52,
      70.58,
      70.64,
      70.82
    ]
  }
}