{
  "config": {
    "run_name": "exp1.4.1",
    "out_dir": "./results",
    "seed": 42,
    "device": null,
    "bs_train": 100,
    "bs_test": 25,
    "batches": 10,
    "epochs": 60,
    "early_stopping": 5,
    "checkpoints": null,
    "lr": 0.001,
    "reg": 0.001,
    "filters_per_layer": [
      32
    ],
    "pool_every": 2,
    "hidden_dims": [
      100
    ],
    "model_type": "resnet",
    "kw": {},
    "layers_per_block": 8
  },
  "results": {
    "num_epochs": 0,
    "train_loss": [
      2.29910693359375,
      2.27903369140625,
      2.118126220703125,
      1.9866776123046874,
      1.9127176513671875,
      1.810380615234375,
      1.695769287109375,
      1.61326416015625,
      1.5539786376953124,
      1.5027119140625,
      1.455563720703125,
      1.41010205078125,
      1.3693048095703124,
      1.3314866943359376,
      1.2906429443359375,
      1.251927001953125,
      1.213984375,
      1.1787099609375,
      1.1467227783203124,
      1.115113037109375,
      1.08600439453125,
      1.057972900390625,
      1.032932373046875,
      1.0087703857421875,
      0.98532177734375,
      0.9629948120117188,
      0.9418223876953125,
      0.9219840087890625,
      0.9024678344726562,
      0.8837386474609376,
      0.86609375,
      0.8484253540039063,
      0.8325525512695312,
      0.8163726806640625,
      0.8006807250976562,
      0.785367919921875,
      0.7708414306640625,
      0.7562498779296875,
      0.7426629028320313,
      0.72932080078125,
      0.716386962890625,
      0.70339892578125,
      0.6907833862304688,
      0.6786555786132813,
      0.6660201416015625,
      0.6541129150390625,
      0.6419373779296875,
      0.6315955200195312,
      0.6209212646484376,
      0.609629150390625,
      0.5985250854492188
    ],
    "train_acc": [
      12.682,
      15.53,
      21.77,
      25.806,
      29.424,
      34.056,
      38.068,
      41.028,
      43.428,
      45.638,
      47.37,
      49.08,
      50.64,
      52.112,
      53.732,
      55.318,
      56.904,
      58.148,
      59.242,
      60.496,
      61.68,
      62.608,
      63.502,
      64.328,
      65.264,
      66.014,
      66.716,
      67.406,
      68.176,
      68.842,
      69.474,
      70.114,
      70.658,
      71.22,
      71.768,
      72.382,
      72.87,
      73.32,
      73.918,
      74.484,
      74.916,
      75.35,
      75.832,
      76.246,
      76.83,
      77.278,
      77.732,
      78.044,
      78.446,
      78.796,
      79.088
    ],
    "test_loss": [
      2.2923262023925783,
      2.2500119018554687,
      2.0153871154785157,
      1.948321075439453,
      1.864766845703125,
      1.7342205810546876,
      1.6187240600585937,
      1.5539967346191406,
      1.508449249267578,
      1.4733834838867188,
      1.4413145446777345,
      1.4048983764648437,
      1.3770120239257813,
      1.334317626953125,
      1.3108000183105468,
      1.2872793579101562,
      1.2491934967041016,
      1.2125198364257812,
      1.175228042602539,
      1.1373102569580078,
      1.1102521514892578,
      1.082014694213867,
      1.069197006225586,
      1.0595165252685548,
      1.049369354248047,
      1.038905715942383,
      1.0354652404785156,
      1.030304946899414,
      1.0172303009033203,
      1.0100706481933595,
      0.9915067291259766,
      0.9851155853271485,
      0.969593276977539,
      0.9596143341064454,
      0.9526737213134766,
      0.9417475128173828,
      0.9343568420410157,
      0.9245189666748047,
      0.9162865447998046,
      0.9127225494384765,
      0.9026029205322266,
      0.8981340789794922,
      0.891704330444336,
      0.8890982818603516,
      0.8883841705322265,
      0.8818953704833984,
      0.8862478637695312,
      0.8882596588134766,
      0.8936076354980469,
      0.894065933227539,
      0.8950233459472656
    ],
    "test_acc": [
      10.95,
      17.65,
      25.13,
      28.14,
      31.58,
      37.31,
      40.83,
      43.07,
      45.19,
      47.32,
      48.34,
      49.54,
      50.9,
      52.64,
      53.79,
      54.96,
      56.49,
      57.78,
      59.08,
      59.93,
      60.86,
      61.92,
      62.26,
      62.29,
      62.78,
      62.91,
      63.09,
      63.21,
      63.77,
      64.05,
      64.71,
      65.43,
      66.09,
      66.64,
      67.02,
      67.36,
      67.57,
      67.97,
      68.41,
      68.67,
      69.08,
      69.08,
      69.42,
      69.54,
      69.7,
      69.99,
      70.16,
      70.32,
      70.28,
      70.55,
      70.39
    ]
  }
}