{
  "config": {
    "run_name": "exp1.2",
    "out_dir": "./results",
    "seed": 42,
    "device": null,
    "bs_train": 100,
    "bs_test": 25,
    "batches": 10,
    "epochs": 60,
    "early_stopping": 5,
    "checkpoints": null,
    "lr": 0.001,
    "reg": 0.001,
    "filters_per_layer": [
      128
    ],
    "pool_every": 2,
    "hidden_dims": [
      100
    ],
    "model_type": "resnet",
    "kw": {},
    "layers_per_block": 4
  },
  "results": {
    "num_epochs": 0,
    "train_loss": [
      2.117189208984375,
      1.839385009765625,
      1.64856689453125,
      1.5142462158203125,
      1.4282529296875,
      1.34906982421875,
      1.273145751953125,
      1.20868701171875,
      1.15140576171875,
      1.097885498046875,
      1.0479957275390626,
      1.00055908203125,
      0.9561650390625,
      0.9147357788085938,
      0.877380859375,
      0.8420850830078125,
      0.80861376953125,
      0.7769268188476562,
      0.7456303100585937,
      0.7163429565429688,
      0.6870021362304688,
      0.6582305908203125,
      0.6285071411132812,
      0.5964317016601562,
      0.5652860717773438,
      0.5335722045898438,
      0.502107177734375,
      0.4697824401855469
    ],
    "train_acc": [
      23.586,
      34.698,
      41.08,
      45.71,
      49.082,
      52.068,
      54.82,
      57.206,
      59.338,
      61.39,
      63.328,
      65.136,
      66.826,
      68.27,
      69.62,
      70.848,
      72.164,
      73.244,
      74.388,
      75.384,
      76.414,
      77.376,
      78.394,
      79.532,
      80.79,
      81.936,
      83.144,
      84.312
    ],
    "test_loss": [
      1.950596466064453,
      1.7302267456054687,
      1.550012664794922,
      1.470150146484375,
      1.406673126220703,
      1.339893798828125,
      1.2646820068359375,
      1.2105738067626952,
      1.1473776245117187,
      1.1005951690673828,
      1.0579360961914062,
      1.0233036804199218,
      0.9889348602294922,
      0.9611432647705078,
      0.9409021759033203,
      0.9269991302490235,
      0.9238553619384766,
      0.9131291961669922,
      0.904904556274414,
      0.8971664428710937,
      0.8882861328125,
      0.8796636962890625,
      0.8731100463867187,
      0.8735905456542968,
      0.8816097259521485,
      0.889249496459961,
      0.9029515075683594,
      0.920376968383789
    ],
    "test_acc": [
      30.82,
      38.76,
      44.55,
      47.83,
      50.18,
      52.43,
      55.25,
      57.51,
      60.05,
      61.58,
      63.0,
      64.15,
      65.3,
      66.25,
      66.97,
      67.35,
      67.67,
      68.2,
      68.5,
      68.71,
      69.21,
      69.59,
      70.13,
      70.49,
      70.72,
      71.01,
      70.82,
      70.74
    ]
  }
}