{
  "config": {
    "run_name": "exp1.1",
    "out_dir": "./results",
    "seed": 42,
    "device": null,
    "bs_train": 100,
    "bs_test": 25,
    "batches": 10,
    "epochs": 60,
    "early_stopping": 5,
    "checkpoints": null,
    "lr": 0.001,
    "reg": 0.001,
    "filters_per_layer": [
      32
    ],
    "pool_every": 3,
    "hidden_dims": [
      100
    ],
    "model_type": "resnet",
    "kw": {},
    "layers_per_block": 8
  },
  "results": {
    "num_epochs": 0,
    "train_loss": [
      2.266255126953125,
      2.0261148681640626,
      1.8654698486328125,
      1.7311873779296876,
      1.626136962890625,
      1.544462890625,
      1.4875960693359376,
      1.4434876708984374,
      1.4012625732421875,
      1.362092529296875,
      1.3238173828125,
      1.2846593017578125,
      1.2450457763671876,
      1.2044298095703125,
      1.1624276123046875,
      1.117951416015625,
      1.074039306640625,
      1.0301317138671875,
      0.9858825073242188,
      0.9455625610351562,
      0.9068822021484375,
      0.8708858032226563,
      0.8361649780273438,
      0.8020438842773437,
      0.7700176391601562,
      0.7389247436523437,
      0.7089699096679688,
      0.67945751953125,
      0.6517869873046875,
      0.6223886108398438,
      0.5939022216796875,
      0.5666221923828125,
      0.5409348754882812
    ],
    "train_acc": [
      17.962,
      27.33,
      33.584,
      38.196,
      41.702,
      44.508,
      46.79,
      48.44,
      49.962,
      51.46,
      52.838,
      54.352,
      55.924,
      57.352,
      58.814,
      60.516,
      62.154,
      63.686,
      65.492,
      67.06,
      68.398,
      69.844,
      71.066,
      72.346,
      73.418,
      74.526,
      75.594,
      76.568,
      77.49,
      78.76,
      79.692,
      80.67,
      81.564
    ],
    "test_loss": [
      2.1956756591796873,
      1.934735107421875,
      1.80624755859375,
      1.659659881591797,
      1.5526020812988282,
      1.4925241088867187,
      1.460715789794922,
      1.4279266357421876,
      1.3963117980957032,
      1.3644757080078125,
      1.334053497314453,
      1.3023013305664062,
      1.2658158111572266,
      1.2338362121582032,
      1.1905838012695313,
      1.1513705444335938,
      1.1084449768066407,
      1.0689981079101563,
      1.0378072357177734,
      1.0154043579101562,
      0.9927316284179688,
      0.9746560668945312,
      0.9605909729003906,
      0.9498751068115234,
      0.9442476654052734,
      0.9415917205810547,
      0.9444092559814453,
      0.9435512542724609,
      0.9516915893554687,
      0.9545768737792969,
      0.964837646484375,
      0.9706695556640625,
      1.004886932373047
    ],
    "test_acc": [
      21.31,
      30.81,
      36.18,
      40.72,
      44.43,
      46.17,
      47.54,
      48.91,
      49.94,
      51.39,
      52.84,
      54.1,
      55.65,
      56.64,
      58.22,
      59.68,
      60.83,
      62.34,
      63.44,
      64.27,
      64.95,
      65.72,
      66.35,
      66.83,
      67.29,
      67.42,
      67.36,
      67.5,
      67.88,
      68.01,
      68.05,
      68.3,
      68.05
    ]
  }
}