{
  "config": {
    "run_name": "exp1.4.1",
    "out_dir": "./results",
    "seed": 42,
    "device": null,
    "bs_train": 100,
    "bs_test": 25,
    "batches": 10,
    "epochs": 60,
    "early_stopping": 5,
    "checkpoints": null,
    "lr": 0.001,
    "reg": 0.001,
    "filters_per_layer": [
      32
    ],
    "pool_every": 4,
    "hidden_dims": [
      100
    ],
    "model_type": "resnet",
    "kw": {},
    "layers_per_block": 16
  },
  "results": {
    "num_epochs": 0,
    "train_loss": [
      2.3016357421875,
      2.29653857421875,
      2.2920810546875,
      2.2854638671875,
      2.27275390625,
      2.20722265625,
      2.029895751953125,
      1.9773450927734375,
      1.9340408935546876,
      1.857451171875,
      1.7550599365234374,
      1.6674571533203124,
      1.5999796142578124,
      1.54538427734375,
      1.5006942138671875,
      1.4632135009765626,
      1.429162109375,
      1.396529296875,
      1.365279296875,
      1.3369837646484375,
      1.3100316162109376,
      1.2841695556640624,
      1.25710302734375,
      1.2325546875,
      1.2085643310546874,
      1.184781494140625,
      1.163115478515625,
      1.141537109375,
      1.1223341064453125,
      1.103262939453125,
      1.0853153076171875,
      1.06814404296875,
      1.0513486328125,
      1.03411279296875,
      1.0180899047851562,
      1.0010643310546874,
      0.9862728881835937,
      0.9704613037109375,
      0.9557477416992187,
      0.93974560546875,
      0.92503759765625,
      0.9102000122070313,
      0.896941162109375,
      0.8817642822265624,
      0.8681213989257812,
      0.8547067260742187,
      0.8385275268554687,
      0.8239407958984375,
      0.8094967041015625,
      0.797343017578125,
      0.7847931518554687,
      0.7692542724609375,
      0.7567347412109375,
      0.7427035522460937
    ],
    "train_acc": [
      11.878,
      12.026,
      13.224,
      15.416,
      17.816,
      19.958,
      24.128,
      26.66,
      28.936,
      32.042,
      35.906,
      39.158,
      41.756,
      44.032,
      45.718,
      47.098,
      48.518,
      49.948,
      51.126,
      52.286,
      53.292,
      54.372,
      55.338,
      56.27,
      57.148,
      57.984,
      58.86,
      59.568,
      60.226,
      60.85,
      61.682,
      62.214,
      62.914,
      63.588,
      64.086,
      64.588,
      65.234,
      65.79,
      66.494,
      66.94,
      67.476,
      68.098,
      68.506,
      69.166,
      69.59,
      70.144,
      70.626,
      71.16,
      71.652,
      72.076,
      72.63,
      73.046,
      73.454,
      74.026
    ],
    "test_loss": [
      2.2984580993652344,
      2.294599914550781,
      2.2893576049804687,
      2.280858459472656,
      2.260591583251953,
      2.0990948486328125,
      1.9835476684570312,
      1.9500213623046876,
      1.9013546752929686,
      1.7956443786621095,
      1.6906449890136719,
      1.6302378845214844,
      1.5751943969726563,
      1.5230094909667968,
      1.4868316650390625,
      1.4525405883789062,
      1.4233180236816407,
      1.3917645263671874,
      1.3716961669921874,
      1.3607386779785156,
      1.3421266174316406,
      1.3298831176757813,
      1.3161415100097655,
      1.2810906982421875,
      1.262225341796875,
      1.2438443756103517,
      1.2120748138427735,
      1.191142349243164,
      1.1745600128173828,
      1.155065460205078,
      1.144898452758789,
      1.1354199981689452,
      1.123741455078125,
      1.1131591033935546,
      1.1057373046875,
      1.093361587524414,
      1.0939595794677734,
      1.0823603820800782,
      1.0728741455078126,
      1.0711215209960938,
      1.0641102600097656,
      1.0549788665771485,
      1.0493512725830079,
      1.0469171905517578,
      1.0497622680664063,
      1.0458222198486329,
      1.0421926116943359,
      1.0376404571533202,
      1.0368927001953125,
      1.043156051635742,
      1.0469911193847656,
      1.054388427734375,
      1.0579898071289062,
      1.0606971740722657
    ],
    "test_acc": [
      11.7,
      11.98,
      13.85,
      15.9,
      17.96,
      21.09,
      26.09,
      28.36,
      29.42,
      34.43,
      37.95,
      41.06,
      43.65,
      45.48,
      46.61,
      48.58,
      49.5,
      50.9,
      51.94,
      52.36,
      52.77,
      53.37,
      53.66,
      54.83,
      55.45,
      56.37,
      57.18,
      57.8,
      58.4,
      59.12,
      59.24,
      59.57,
      60.23,
      60.69,
      60.82,
      61.75,
      61.82,
      62.11,
      62.42,
      62.09,
      62.5,
      62.82,
      63.28,
      63.38,
      63.42,
      63.81,
      63.83,
      64.19,
      64.26,
      63.94,
      63.97,
      63.83,
      63.88,
      64.0
    ]
  }
}