{
  "config": {
    "run_name": "exp1.2",
    "out_dir": "./results",
    "seed": 42,
    "device": null,
    "bs_train": 100,
    "bs_test": 25,
    "batches": 10,
    "epochs": 60,
    "early_stopping": 5,
    "checkpoints": null,
    "lr": 0.001,
    "reg": 0.001,
    "filters_per_layer": [
      256
    ],
    "pool_every": 2,
    "hidden_dims": [
      100
    ],
    "model_type": "resnet",
    "kw": {},
    "layers_per_block": 8
  },
  "results": {
    "num_epochs": 0,
    "train_loss": [
      2.235783447265625,
      1.962857666015625,
      1.76992626953125,
      1.5778807373046875,
      1.448144775390625,
      1.352343017578125,
      1.26344091796875,
      1.18038525390625,
      1.105391357421875,
      1.03492431640625,
      0.969702392578125,
      0.9093460083007813,
      0.8542649536132813,
      0.803313232421875,
      0.7548677978515625,
      0.7100631713867187,
      0.6656617431640625,
      0.621595703125,
      0.5791066284179688,
      0.5376364135742188,
      0.49881365966796876,
      0.4639761047363281,
      0.43535797119140623,
      0.42136199951171877,
      0.4008458557128906,
      0.37179879760742185,
      0.3587045593261719,
      0.32017477416992185,
      0.2637099914550781,
      0.23786393737792969,
      0.22812188720703125,
      0.20025393676757813,
      0.17491567993164062,
      0.1537893829345703,
      0.1472483673095703,
      0.12908082580566407,
      0.10050127410888672,
      0.08174207305908203,
      0.06369628524780273,
      0.048782928466796875,
      0.03333852005004883,
      0.024921979904174805,
      0.01917140769958496,
      0.014432819366455078,
      0.009897172927856445,
      0.003469259023666382,
      0.001389409065246582,
      0.0008591862916946412,
      0.0006805270910263062,
      0.0005766445994377136
    ],
    "train_acc": [
      18.424,
      28.748,
      36.218,
      42.72,
      47.268,
      51.002,
      54.678,
      58.12,
      60.994,
      63.514,
      66.0,
      68.208,
      70.25,
      72.004,
      73.86,
      75.576,
      77.174,
      78.746,
      80.246,
      81.704,
      83.152,
      84.302,
      85.122,
      85.37,
      86.04,
      87.048,
      87.4,
      88.894,
      91.112,
      91.876,
      91.954,
      92.996,
      93.95,
      94.656,
      94.78,
      95.36,
      96.618,
      97.244,
      97.93,
      98.508,
      99.09,
      99.314,
      99.492,
      99.626,
      99.806,
      99.978,
      99.996,
      100.0,
      100.0,
      100.0
    ],
    "test_loss": [
      2.058355255126953,
      1.9045777893066407,
      1.6332695007324218,
      1.4709059143066405,
      1.384833526611328,
      1.3159671020507813,
      1.235482177734375,
      1.1539032745361328,
      1.092554931640625,
      1.0591889190673829,
      1.0145157623291015,
      0.964742431640625,
      0.914753189086914,
      0.8729539489746094,
      0.8436663818359375,
      0.8240444946289063,
      0.807041015625,
      0.7936615753173828,
      0.7864015960693359,
      0.7855519866943359,
      0.7929576110839843,
      0.8163912963867187,
      0.8432405090332031,
      0.9133009338378906,
      0.8578165435791015,
      0.9158444213867187,
      0.8897274017333985,
      0.8443226623535156,
      0.9051217651367187,
      1.0313394165039063,
      1.2266695404052734,
      1.158682861328125,
      1.1801763916015624,
      1.383499298095703,
      1.3707659912109376,
      1.309373016357422,
      1.2866708374023437,
      1.4600283813476562,
      1.386736602783203,
      1.4195314025878907,
      1.4196412658691406,
      1.418800811767578,
      1.5380740356445313,
      1.8350032043457032,
      1.5619424438476563,
      1.6094680786132813,
      1.6427607727050781,
      1.6762448120117188,
      1.702554931640625,
      1.7253224182128906
    ],
    "test_acc": [
      24.9,
      31.98,
      41.17,
      46.93,
      50.46,
      53.58,
      56.41,
      59.27,
      61.82,
      63.17,
      64.97,
      66.85,
      68.74,
      70.07,
      70.88,
      71.47,
      72.39,
      72.88,
      73.34,
      73.64,
      73.86,
      73.79,
      73.3,
      72.21,
      73.83,
      72.16,
      72.68,
      75.0,
      74.77,
      73.16,
      69.98,
      71.91,
      73.45,
      71.49,
      71.39,
      72.18,
      73.46,
      72.13,
      73.66,
      74.19,
      74.84,
      75.57,
      74.36,
      73.0,
      76.18,
      76.47,
      76.56,
      76.63,
      76.71,
      76.71
    ]
  }
}