{
  "config": {
    "run_name": "exp1.1",
    "out_dir": "./results",
    "seed": 42,
    "device": null,
    "bs_train": 100,
    "bs_test": 25,
    "batches": 10,
    "epochs": 60,
    "early_stopping": 5,
    "checkpoints": null,
    "lr": 0.001,
    "reg": 0.001,
    "filters_per_layer": [
      32
    ],
    "pool_every": 3,
    "hidden_dims": [
      100
    ],
    "model_type": "resnet",
    "kw": {},
    "layers_per_block": 16
  },
  "results": {
    "num_epochs": 0,
    "train_loss": [
      2.303884765625,
      2.29873193359375,
      2.2923779296875,
      2.27668896484375,
      2.21585302734375,
      2.08096533203125,
      1.999998291015625,
      1.9062269287109375,
      1.8043232421875,
      1.702363037109375,
      1.617612060546875,
      1.5567362060546874,
      1.509767333984375,
      1.468156982421875,
      1.4334681396484374,
      1.40450048828125,
      1.3782265625,
      1.351562255859375,
      1.3237352294921876,
      1.2966649169921876,
      1.2707579345703126,
      1.2445045166015625,
      1.2176378173828124,
      1.1920909423828125,
      1.166263671875,
      1.1403402099609374,
      1.1163062744140626,
      1.0927532958984374,
      1.0709588623046875,
      1.050097900390625,
      1.0292451171875,
      1.0099794311523438,
      0.991191162109375,
      0.9724970092773437,
      0.9550758056640625,
      0.9374307250976562,
      0.9204730224609375,
      0.9028645629882812,
      0.8862332763671875,
      0.86935791015625,
      0.8520160522460938,
      0.8355389404296875,
      0.8195006713867188,
      0.8044873657226562,
      0.7891224365234375,
      0.7758981323242188,
      0.7594382934570313,
      0.7464500122070312,
      0.7315803833007812,
      0.717626953125,
      0.7032332763671875,
      0.688817626953125,
      0.6773086547851562,
      0.6638914794921875,
      0.6496307983398437,
      0.6370753784179688,
      0.6247607421875,
      0.614141845703125,
      0.60283740234375,
      0.5934182739257813
    ],
    "train_acc": [
      8.68,
      9.79,
      11.692,
      15.758,
      18.462,
      22.27,
      25.92,
      29.72,
      33.718,
      37.73,
      40.848,
      43.138,
      44.922,
      46.584,
      47.94,
      49.17,
      50.164,
      51.156,
      52.238,
      53.356,
      54.344,
      55.232,
      56.258,
      57.266,
      58.318,
      59.198,
      60.102,
      60.91,
      61.772,
      62.582,
      63.144,
      63.92,
      64.598,
      65.258,
      65.968,
      66.676,
      67.344,
      68.136,
      68.868,
      69.524,
      70.086,
      70.678,
      71.256,
      71.874,
      72.36,
      72.772,
      73.26,
      73.76,
      74.322,
      74.764,
      75.382,
      75.748,
      76.174,
      76.55,
      77.094,
      77.668,
      78.178,
      78.556,
      79.03,
      79.358
    ],
    "test_loss": [
      2.300607147216797,
      2.296165313720703,
      2.286505126953125,
      2.260700225830078,
      2.136016540527344,
      2.034137878417969,
      1.9596311950683594,
      1.8421650695800782,
      1.7345582580566405,
      1.638506622314453,
      1.5712989807128905,
      1.526046142578125,
      1.4899327087402343,
      1.4650691223144532,
      1.4533694458007813,
      1.440421142578125,
      1.4330397033691407,
      1.4046392822265625,
      1.3741444396972655,
      1.351396484375,
      1.3094255065917968,
      1.2755979156494142,
      1.23989990234375,
      1.211682586669922,
      1.1905602264404296,
      1.1728012084960937,
      1.1530928802490235,
      1.130639877319336,
      1.112958221435547,
      1.0988169860839845,
      1.0839546203613282,
      1.0689403533935546,
      1.060037841796875,
      1.0494960784912108,
      1.0358006286621093,
      1.0245964050292968,
      1.0232218170166016,
      1.0187157440185546,
      1.0134876251220704,
      1.010701904296875,
      1.0031399536132812,
      1.005387649536133,
      1.005090789794922,
      1.0107303619384767,
      1.0082979583740235,
      1.0071991729736327,
      1.0134231567382812,
      1.0179256439208983,
      1.0206624603271484,
      1.0190757751464843,
      1.0125367736816406,
      1.0102265930175782,
      1.00885986328125,
      0.9925366973876953,
      0.9873591613769531,
      0.9787449645996094,
      0.9754151916503906,
      0.9677229309082032,
      0.9708843994140625,
      0.9760273742675781
    ],
    "test_acc": [
      8.28,
      9.95,
      12.95,
      17.11,
      21.18,
      24.05,
      28.18,
      33.14,
      37.05,
      40.21,
      42.57,
      44.6,
      45.65,
      47.32,
      48.02,
      48.58,
      49.19,
      49.92,
      51.08,
      51.78,
      53.5,
      54.47,
      56.07,
      57.04,
      57.82,
      58.51,
      59.26,
      59.96,
      60.41,
      60.92,
      61.58,
      62.09,
      62.67,
      63.08,
      63.65,
      64.03,
      64.28,
      64.38,
      64.72,
      64.53,
      65.23,
      65.03,
      65.04,
      64.92,
      65.08,
      65.09,
      65.38,
      65.57,
      65.69,
      66.04,
      66.27,
      66.41,
      66.65,
      66.96,
      67.33,
      67.73,
      68.12,
      68.42,
      68.42,
      68.36
    ]
  }
}