{
  "config": {
    "run_name": "exp1.1",
    "out_dir": "./results",
    "seed": 42,
    "device": null,
    "bs_train": 100,
    "bs_test": 25,
    "batches": 10,
    "epochs": 60,
    "early_stopping": 5,
    "checkpoints": null,
    "lr": 0.001,
    "reg": 0.001,
    "filters_per_layer": [
      32
    ],
    "pool_every": 3,
    "hidden_dims": [
      100
    ],
    "model_type": "resnet",
    "kw": {},
    "layers_per_block": 2
  },
  "results": {
    "num_epochs": 0,
    "train_loss": [
      2.0822216796875,
      1.8245562744140624,
      1.675212646484375,
      1.5677576904296875,
      1.4779078369140626,
      1.4080184326171874,
      1.342498046875,
      1.2843916015625,
      1.2353438720703125,
      1.1926685791015625,
      1.150989013671875,
      1.10534765625,
      1.0594830322265625,
      1.015416259765625,
      0.9740322875976563,
      0.9359556884765625,
      0.8994290161132813,
      0.8642186279296875,
      0.8298991088867187,
      0.7974027709960938,
      0.764485107421875,
      0.7306585083007813,
      0.6957506103515625,
      0.661347412109375,
      0.6265706176757813,
      0.5920459594726563,
      0.5563499755859375
    ],
    "train_acc": [
      25.278,
      35.838,
      40.928,
      44.308,
      47.286,
      49.69,
      52.048,
      54.126,
      56.098,
      57.622,
      59.268,
      61.12,
      62.832,
      64.522,
      65.95,
      67.4,
      68.694,
      69.966,
      71.17,
      72.436,
      73.66,
      74.854,
      76.18,
      77.47,
      78.686,
      80.016,
      81.344
    ],
    "test_loss": [
      1.918583221435547,
      1.7283955383300782,
      1.5993972778320313,
      1.5047067260742188,
      1.4330496215820312,
      1.3943775939941405,
      1.3461238098144532,
      1.300948944091797,
      1.2754244232177734,
      1.2474942016601562,
      1.2085975646972655,
      1.1626422119140625,
      1.118912353515625,
      1.0860286712646485,
      1.0553885650634767,
      1.0262642669677735,
      1.0064926910400391,
      0.9940943908691406,
      0.9879056549072266,
      0.9840692901611328,
      0.9796499633789062,
      0.9747773742675782,
      0.9769160461425781,
      0.9855329895019531,
      1.0019642639160156,
      1.0234803771972656,
      1.0453958129882812
    ],
    "test_acc": [
      32.44,
      39.79,
      43.56,
      46.8,
      49.08,
      50.44,
      52.15,
      53.77,
      54.81,
      55.6,
      57.25,
      59.13,
      60.69,
      61.82,
      62.95,
      63.74,
      64.4,
      64.97,
      65.42,
      65.61,
      65.97,
      66.23,
      66.5,
      66.27,
      66.31,
      66.29,
      66.37
    ]
  }
}