{
  "config": {
    "run_name": "exp1.3",
    "out_dir": "./results",
    "seed": 42,
    "device": null,
    "bs_train": 100,
    "bs_test": 25,
    "batches": 10,
    "epochs": 60,
    "early_stopping": 5,
    "checkpoints": null,
    "lr": 0.001,
    "reg": 0.001,
    "filters_per_layer": [
      64,
      128,
      256
    ],
    "pool_every": 3,
    "hidden_dims": [
      100
    ],
    "model_type": "resnet",
    "kw": {},
    "layers_per_block": 3
  },
  "results": {
    "num_epochs": 0,
    "train_loss": [
      2.300152587890625,
      2.288551513671875,
      2.18077197265625,
      1.9665533447265624,
      1.855883056640625,
      1.7520762939453125,
      1.665931640625,
      1.5817322998046874,
      1.5090667724609375,
      1.450545654296875,
      1.39954931640625,
      1.352490966796875,
      1.305564697265625,
      1.25946044921875,
      1.21270458984375,
      1.1644866943359375,
      1.1191168212890625,
      1.0717503662109376,
      1.0266060791015625,
      0.9824896240234375,
      0.9343634033203125,
      0.8891881713867188,
      0.84579443359375,
      0.7972181396484375,
      0.7517258911132813,
      0.7094605102539062,
      0.6720654907226562,
      0.63435888671875,
      0.5890680541992187,
      0.5486209106445312,
      0.5003855285644532,
      0.47013604736328124
    ],
    "train_acc": [
      10.976,
      13.796,
      19.626,
      28.596,
      33.44,
      37.01,
      39.79,
      42.926,
      45.752,
      48.016,
      49.808,
      51.5,
      53.248,
      55.08,
      56.808,
      58.67,
      60.278,
      62.08,
      63.818,
      65.436,
      67.322,
      68.822,
      70.464,
      72.184,
      73.668,
      75.198,
      76.428,
      77.86,
      79.494,
      80.83,
      82.4,
      83.242
    ],
    "test_loss": [
      2.296189727783203,
      2.275174865722656,
      2.0344464111328127,
      1.9407278442382812,
      1.8120613098144531,
      1.737591552734375,
      1.6203111267089845,
      1.5278097534179687,
      1.4697314453125,
      1.4217404174804686,
      1.38638671875,
      1.3608197021484374,
      1.3449508666992187,
      1.3143931579589845,
      1.2681529998779297,
      1.249336929321289,
      1.2140792846679687,
      1.1897193908691406,
      1.1820140075683594,
      1.1763461303710938,
      1.1738923645019532,
      1.1621871948242188,
      1.1535629272460937,
      1.1607978820800782,
      1.1809564208984376,
      1.236644287109375,
      1.2327544403076172,
      1.2381745147705079,
      1.3433584594726562,
      1.3793153381347656,
      1.419650115966797,
      1.470557403564453
    ],
    "test_acc": [
      13.07,
      14.94,
      24.92,
      30.87,
      35.52,
      37.74,
      41.6,
      45.07,
      47.65,
      49.54,
      51.29,
      52.29,
      53.39,
      54.56,
      56.03,
      56.64,
      58.08,
      59.24,
      59.48,
      60.09,
      60.63,
      61.47,
      62.1,
      62.49,
      62.43,
      61.7,
      62.02,
      62.23,
      61.57,
      61.66,
      61.28,
      60.64
    ]
  }
}