{
  "config": {
    "run_name": "exp1.2",
    "out_dir": "./results",
    "seed": 42,
    "device": null,
    "bs_train": 100,
    "bs_test": 25,
    "batches": 10,
    "epochs": 60,
    "early_stopping": 5,
    "checkpoints": null,
    "lr": 0.001,
    "reg": 0.001,
    "filters_per_layer": [
      32
    ],
    "pool_every": 2,
    "hidden_dims": [
      100
    ],
    "model_type": "resnet",
    "kw": {},
    "layers_per_block": 4
  },
  "results": {
    "num_epochs": 0,
    "train_loss": [
      2.222754638671875,
      1.97025341796875,
      1.8421866455078124,
      1.71876123046875,
      1.6014158935546876,
      1.506885986328125,
      1.4441611328125,
      1.391888671875,
      1.33928515625,
      1.2852235107421874,
      1.23439501953125,
      1.18751025390625,
      1.1440372314453124,
      1.1046297607421875,
      1.069416015625,
      1.0363189697265625,
      1.00453857421875,
      0.9745366821289062,
      0.94517529296875,
      0.9160414428710938,
      0.8876398315429688,
      0.8596702880859375,
      0.83341015625,
      0.80755810546875,
      0.7835382690429687,
      0.7596292724609375,
      0.7370711059570313,
      0.7155647583007813,
      0.6943130493164062,
      0.6734520874023437,
      0.6521417236328125,
      0.6324135131835937,
      0.612479248046875,
      0.5922234497070312
    ],
    "train_acc": [
      19.424,
      28.942,
      34.524,
      38.92,
      42.918,
      46.126,
      48.474,
      50.534,
      52.408,
      54.32,
      56.232,
      57.92,
      59.552,
      60.942,
      62.27,
      63.604,
      64.84,
      65.95,
      67.088,
      68.048,
      69.046,
      70.06,
      70.982,
      71.836,
      72.768,
      73.686,
      74.462,
      75.34,
      76.072,
      76.842,
      77.544,
      78.2,
      78.89,
      79.648
    ],
    "test_loss": [
      2.049710693359375,
      1.899885711669922,
      1.7694371032714844,
      1.6453573608398437,
      1.5298194885253906,
      1.4733631896972657,
      1.4217372131347656,
      1.3711695861816406,
      1.3310563659667969,
      1.2901841735839843,
      1.2347319030761719,
      1.1877256011962891,
      1.1483980560302733,
      1.1166493225097656,
      1.089640121459961,
      1.065117645263672,
      1.0517406463623047,
      1.0361246490478515,
      1.0195448303222656,
      0.9970459747314453,
      0.981754150390625,
      0.9648851776123046,
      0.9470817565917968,
      0.9370210266113281,
      0.9263420867919921,
      0.9174327087402344,
      0.9137764739990234,
      0.9120281982421875,
      0.9106745910644531,
      0.9128765869140625,
      0.9167176055908203,
      0.9257366180419921,
      0.935985107421875,
      0.953570327758789
    ],
    "test_acc": [
      25.62,
      32.42,
      37.52,
      41.68,
      45.4,
      47.31,
      49.25,
      51.08,
      52.69,
      54.22,
      56.41,
      58.35,
      59.68,
      60.59,
      61.68,
      62.56,
      62.97,
      63.45,
      63.99,
      64.84,
      65.72,
      66.26,
      66.97,
      67.38,
      67.8,
      68.33,
      68.69,
      68.96,
      69.3,
      69.14,
      69.24,
      69.08,
      69.14,
      69.1
    ]
  }
}