{
  "config": {
    "run_name": "exp1.2",
    "out_dir": "./results",
    "seed": 42,
    "device": null,
    "bs_train": 100,
    "bs_test": 25,
    "batches": 10,
    "epochs": 60,
    "early_stopping": 5,
    "checkpoints": null,
    "lr": 0.001,
    "reg": 0.001,
    "filters_per_layer": [
      128
    ],
    "pool_every": 2,
    "hidden_dims": [
      100
    ],
    "model_type": "resnet",
    "kw": {},
    "layers_per_block": 2
  },
  "results": {
    "num_epochs": 0,
    "train_loss": [
      1.9949337158203124,
      1.7552559814453126,
      1.6221492919921876,
      1.5139349365234376,
      1.423724853515625,
      1.35231396484375,
      1.2888602294921876,
      1.2295186767578126,
      1.1752325439453124,
      1.1266552734375,
      1.0813021240234375,
      1.0389686279296875,
      0.99843310546875,
      0.9596553955078125,
      0.9224498901367187,
      0.8860911865234375,
      0.85090625,
      0.8172440185546875,
      0.78394775390625,
      0.7519066162109375,
      0.720331787109375,
      0.689174560546875,
      0.6586287231445312,
      0.6283165893554687,
      0.5987626953125,
      0.5695252685546875,
      0.5410399780273437,
      0.513115478515625
    ],
    "train_acc": [
      28.962,
      38.318,
      42.822,
      46.466,
      49.66,
      52.22,
      54.546,
      56.732,
      58.658,
      60.43,
      61.926,
      63.626,
      65.13,
      66.61,
      67.98,
      69.272,
      70.528,
      71.704,
      72.886,
      74.144,
      75.28,
      76.428,
      77.63,
      78.758,
      79.878,
      80.924,
      82.078,
      83.166
    ],
    "test_loss": [
      1.8307131958007812,
      1.6630842590332031,
      1.5465003967285156,
      1.4531529235839844,
      1.3818601989746093,
      1.3249859619140625,
      1.275006332397461,
      1.2328970336914062,
      1.19489990234375,
      1.1595169067382813,
      1.1309602355957031,
      1.1010931396484376,
      1.0785043334960938,
      1.0584638977050782,
      1.0380758666992187,
      1.0211164093017577,
      1.0051414489746093,
      0.9920499420166016,
      0.9807351684570312,
      0.9714630126953125,
      0.9628533935546875,
      0.9576948547363281,
      0.954461441040039,
      0.9568023681640625,
      0.9602141571044922,
      0.9708403778076172,
      0.9834586334228516,
      0.9995940399169921
    ],
    "test_acc": [
      35.26,
      41.12,
      45.54,
      48.72,
      51.19,
      53.02,
      54.83,
      56.47,
      58.23,
      59.24,
      60.26,
      61.4,
      62.3,
      63.07,
      63.71,
      64.3,
      64.92,
      65.3,
      65.87,
      66.16,
      66.58,
      66.98,
      67.07,
      67.47,
      67.63,
      67.81,
      67.73,
      67.33
    ]
  }
}