{
  "config": {
    "run_name": "exp1.1",
    "out_dir": "./results",
    "seed": 42,
    "device": null,
    "bs_train": 100,
    "bs_test": 25,
    "batches": 10,
    "epochs": 60,
    "early_stopping": 5,
    "checkpoints": null,
    "lr": 0.001,
    "reg": 0.001,
    "filters_per_layer": [
      64
    ],
    "pool_every": 3,
    "hidden_dims": [
      100
    ],
    "model_type": "resnet",
    "kw": {},
    "layers_per_block": 16
  },
  "results": {
    "num_epochs": 0,
    "train_loss": [
      2.2989375,
      2.289617431640625,
      2.268263916015625,
      2.153830322265625,
      1.975667236328125,
      1.8469232177734376,
      1.73142724609375,
      1.6448812255859375,
      1.567361572265625,
      1.503462890625,
      1.4539869384765625,
      1.4107977294921874,
      1.3734058837890626,
      1.339671142578125,
      1.30776318359375,
      1.275353271484375,
      1.243533203125,
      1.209143798828125,
      1.175064453125,
      1.141854736328125,
      1.107638427734375,
      1.074994140625,
      1.043940673828125,
      1.013593505859375,
      0.9812913818359374,
      0.9490286865234375,
      0.9188248291015625,
      0.8858155517578125,
      0.8573744506835937,
      0.8299131469726563,
      0.803484130859375,
      0.7783375854492187,
      0.7522291259765626,
      0.727131591796875,
      0.70418115234375,
      0.68143603515625,
      0.659313720703125,
      0.6365590209960937,
      0.61674560546875,
      0.6020332641601562,
      0.5865426025390625,
      0.5669013061523438,
      0.5453005981445312,
      0.5223864135742188,
      0.5032407531738281,
      0.47985272216796876,
      0.46078948974609374,
      0.44258694458007813,
      0.43451284790039063,
      0.421814697265625,
      0.4247008361816406,
      0.41220111083984373,
      0.38614874267578125,
      0.3666434326171875
    ],
    "train_acc": [
      10.674,
      13.244,
      16.52,
      21.364,
      27.766,
      33.516,
      37.71,
      40.726,
      43.59,
      45.764,
      47.466,
      49.104,
      50.57,
      51.666,
      53.086,
      54.316,
      55.408,
      56.654,
      57.936,
      59.152,
      60.338,
      61.584,
      62.986,
      63.966,
      65.266,
      66.364,
      67.456,
      68.64,
      69.72,
      70.746,
      71.632,
      72.66,
      73.646,
      74.616,
      75.426,
      76.208,
      76.93,
      77.836,
      78.568,
      79.004,
      79.544,
      80.158,
      80.89,
      81.712,
      82.4,
      83.292,
      83.912,
      84.458,
      84.606,
      84.97,
      84.868,
      85.238,
      86.316,
      86.93
    ],
    "test_loss": [
      2.294708557128906,
      2.2824055480957033,
      2.2439036560058594,
      2.033324890136719,
      1.938767852783203,
      1.7522720336914062,
      1.6542404174804688,
      1.5763912963867188,
      1.5065451049804688,
      1.4533261108398436,
      1.414850616455078,
      1.3886669921875,
      1.364841766357422,
      1.3470425415039062,
      1.320262451171875,
      1.2895281982421876,
      1.2642121887207032,
      1.2416410064697265,
      1.2136420440673827,
      1.19803955078125,
      1.1787628936767578,
      1.1611930084228517,
      1.1522776794433593,
      1.1269622039794922,
      1.1134417724609376,
      1.0988748168945313,
      1.0747737884521484,
      1.0626577758789062,
      1.0531386566162109,
      1.039041976928711,
      1.0398024749755859,
      1.0335523986816406,
      1.0371395111083985,
      1.028367919921875,
      1.0263399505615234,
      1.0155532836914063,
      1.021856155395508,
      1.018662567138672,
      1.0266172790527344,
      1.0382337188720703,
      1.0345503997802734,
      1.0318596649169922,
      1.074685287475586,
      1.1105004119873048,
      1.1042031860351562,
      1.0685596466064453,
      1.0639942932128905,
      1.060841293334961,
      1.0550709533691407,
      1.069176254272461,
      1.071516342163086,
      1.0805984497070313,
      1.1532989501953126,
      1.21841552734375
    ],
    "test_acc": [
      11.86,
      14.83,
      17.13,
      25.31,
      29.12,
      37.6,
      40.77,
      43.78,
      45.86,
      47.59,
      49.22,
      50.11,
      51.31,
      52.38,
      53.63,
      54.43,
      55.1,
      55.99,
      56.99,
      57.82,
      58.64,
      59.62,
      59.86,
      60.75,
      61.19,
      61.46,
      62.29,
      62.92,
      63.53,
      64.11,
      64.21,
      64.98,
      65.2,
      65.66,
      65.92,
      66.48,
      66.76,
      67.23,
      67.34,
      67.12,
      67.2,
      67.54,
      67.03,
      66.7,
      67.16,
      67.95,
      68.62,
      68.97,
      69.66,
      69.19,
      69.41,
      69.58,
      68.69,
      68.23
    ]
  }
}