{
  "config": {
    "run_name": "exp1.3",
    "out_dir": "./results",
    "seed": 42,
    "device": null,
    "bs_train": 100,
    "bs_test": 25,
    "batches": 10,
    "epochs": 60,
    "early_stopping": 5,
    "checkpoints": null,
    "lr": 0.001,
    "reg": 0.001,
    "filters_per_layer": [
      64,
      128,
      256
    ],
    "pool_every": 3,
    "hidden_dims": [
      100
    ],
    "model_type": "resnet",
    "kw": {},
    "layers_per_block": 4
  },
  "results": {
    "num_epochs": 0,
    "train_loss": [
      2.301819091796875,
      2.2985185546875,
      2.293506591796875,
      2.27689892578125,
      2.09458935546875,
      1.9632576904296875,
      1.860595458984375,
      1.72934912109375,
      1.6214019775390625,
      1.552236328125,
      1.4978651123046876,
      1.450812744140625,
      1.4067222900390626,
      1.363522705078125,
      1.3213597412109375,
      1.2817828369140625,
      1.2455416259765626,
      1.210627197265625,
      1.175475830078125,
      1.1387095947265624,
      1.103955322265625,
      1.067647216796875,
      1.03113623046875,
      0.9937388916015625,
      0.957264892578125,
      0.9201731567382813,
      0.8812823486328125,
      0.8475352172851562,
      0.8180073852539063
    ],
    "train_acc": [
      10.538,
      11.298,
      13.298,
      16.42,
      22.824,
      27.246,
      32.102,
      37.13,
      41.222,
      43.886,
      45.724,
      47.538,
      49.268,
      50.966,
      52.76,
      54.372,
      55.77,
      57.132,
      58.54,
      59.67,
      60.876,
      62.256,
      63.618,
      64.846,
      66.188,
      67.554,
      69.05,
      70.202,
      71.164
    ],
    "test_loss": [
      2.300126647949219,
      2.2965087890625,
      2.2891439819335937,
      2.2483151245117186,
      2.041640167236328,
      1.9478346252441405,
      1.7693971252441407,
      1.6282034301757813,
      1.548586883544922,
      1.495831298828125,
      1.4605731201171874,
      1.4184297180175782,
      1.3769331359863282,
      1.343815460205078,
      1.3178514099121095,
      1.3180775451660156,
      1.32787841796875,
      1.2912176513671876,
      1.2396536254882813,
      1.2181341552734375,
      1.1979259490966796,
      1.185425033569336,
      1.1861865997314454,
      1.1732283782958985,
      1.1761273193359374,
      1.1762728881835938,
      1.1871837615966796,
      1.2207843017578126,
      1.2311203002929687
    ],
    "test_acc": [
      10.0,
      13.65,
      13.69,
      17.93,
      23.3,
      29.17,
      35.92,
      41.15,
      44.62,
      46.49,
      48.35,
      49.6,
      51.37,
      52.9,
      53.75,
      54.11,
      54.12,
      55.13,
      56.7,
      57.34,
      58.01,
      58.23,
      58.46,
      58.82,
      59.37,
      59.56,
      59.95,
      59.44,
      58.7
    ]
  }
}