{
  "config": {
    "run_name": "exp1.1",
    "out_dir": "./results",
    "seed": 42,
    "device": null,
    "bs_train": 100,
    "bs_test": 25,
    "batches": 10,
    "epochs": 60,
    "early_stopping": 5,
    "checkpoints": null,
    "lr": 0.001,
    "reg": 0.001,
    "filters_per_layer": [
      64
    ],
    "pool_every": 3,
    "hidden_dims": [
      100
    ],
    "model_type": "resnet",
    "kw": {},
    "layers_per_block": 4
  },
  "results": {
    "num_epochs": 0,
    "train_loss": [
      2.027705810546875,
      1.7576363525390626,
      1.6166307373046875,
      1.519051025390625,
      1.4336046142578125,
      1.36368701171875,
      1.3022911376953126,
      1.2460701904296876,
      1.1928951416015625,
      1.142918701171875,
      1.0949161376953125,
      1.046818115234375,
      0.9988758544921875,
      0.95345751953125,
      0.9090591430664062,
      0.8673333129882812,
      0.827869384765625,
      0.7885855102539062,
      0.7479107666015625,
      0.7088299560546875,
      0.6688560791015625,
      0.6278536376953125,
      0.5875233764648438,
      0.5485873413085938,
      0.512934326171875
    ],
    "train_acc": [
      27.612,
      37.922,
      42.696,
      45.898,
      49.01,
      51.492,
      53.778,
      55.822,
      57.84,
      59.664,
      61.464,
      63.208,
      64.824,
      66.468,
      68.146,
      69.698,
      71.098,
      72.61,
      74.25,
      75.582,
      77.21,
      78.68,
      80.282,
      81.712,
      82.878
    ],
    "test_loss": [
      1.8576390075683593,
      1.6551605224609376,
      1.5470684814453124,
      1.4539503479003906,
      1.3805061340332032,
      1.3313406372070313,
      1.2953373718261718,
      1.2632815551757812,
      1.222441177368164,
      1.1810693359375,
      1.1353414154052734,
      1.0983353424072266,
      1.0713272094726562,
      1.048649215698242,
      1.0354037475585938,
      1.0269754791259766,
      1.018883514404297,
      1.018101119995117,
      1.0142774200439453,
      1.0132453918457032,
      1.014930191040039,
      1.0254042053222656,
      1.054903564453125,
      1.0904353332519532,
      1.1502255249023436
    ],
    "test_acc": [
      34.99,
      41.18,
      45.06,
      48.31,
      51.06,
      53.35,
      54.49,
      55.81,
      57.19,
      58.51,
      60.27,
      61.49,
      62.35,
      62.91,
      63.57,
      64.38,
      64.79,
      65.26,
      65.48,
      65.59,
      66.22,
      66.24,
      66.27,
      65.99,
      65.64
    ]
  }
}