{
  "config": {
    "run_name": "exp1.2",
    "out_dir": "./results",
    "seed": 42,
    "device": null,
    "bs_train": 100,
    "bs_test": 25,
    "batches": 10,
    "epochs": 60,
    "early_stopping": 5,
    "checkpoints": null,
    "lr": 0.001,
    "reg": 0.001,
    "filters_per_layer": [
      64
    ],
    "pool_every": 2,
    "hidden_dims": [
      100
    ],
    "model_type": "resnet",
    "kw": {},
    "layers_per_block": 4
  },
  "results": {
    "num_epochs": 0,
    "train_loss": [
      2.14797412109375,
      1.882462890625,
      1.7091407470703126,
      1.567425537109375,
      1.47214990234375,
      1.398069091796875,
      1.32347412109375,
      1.2592894287109375,
      1.2053348388671874,
      1.1566485595703124,
      1.1115709228515624,
      1.06841845703125,
      1.0257764892578125,
      0.9852157592773437,
      0.9459932861328125,
      0.9091685180664062,
      0.8746106567382812,
      0.8415155639648437,
      0.8114217529296875,
      0.7825607299804688,
      0.7557391967773438,
      0.7287952270507813,
      0.702024658203125,
      0.6754447021484375,
      0.6478779296875,
      0.6204979858398437,
      0.5935057373046875,
      0.5664512939453125,
      0.539705810546875,
      0.5136608276367187
    ],
    "train_acc": [
      22.392,
      33.194,
      39.392,
      44.012,
      47.364,
      50.292,
      53.08,
      55.58,
      57.57,
      59.236,
      60.96,
      62.49,
      64.042,
      65.48,
      66.914,
      68.22,
      69.462,
      70.626,
      71.678,
      72.704,
      73.612,
      74.608,
      75.512,
      76.454,
      77.534,
      78.66,
      79.714,
      80.746,
      81.62,
      82.618
    ],
    "test_loss": [
      1.966436767578125,
      1.7831588745117188,
      1.6155224609375,
      1.4959765625,
      1.4350869750976563,
      1.3741207885742188,
      1.3295947265625,
      1.2662703704833984,
      1.2060359191894532,
      1.1552777862548829,
      1.1139373779296875,
      1.0765921020507812,
      1.0432367706298828,
      1.0154528045654296,
      0.9910523986816406,
      0.9688815307617188,
      0.9488664245605469,
      0.9341690826416016,
      0.9182242584228516,
      0.9022183990478516,
      0.8909632110595703,
      0.8810572814941406,
      0.8702415466308594,
      0.8666943359375,
      0.8649848175048828,
      0.8672392272949219,
      0.8717638397216797,
      0.8815389251708985,
      0.8906338500976563,
      0.9052339935302735
    ],
    "test_acc": [
      30.16,
      37.07,
      42.75,
      46.64,
      49.24,
      52.1,
      53.17,
      55.49,
      57.57,
      59.36,
      60.99,
      62.24,
      63.62,
      64.66,
      65.33,
      66.17,
      66.96,
      67.49,
      68.22,
      68.84,
      69.21,
      69.78,
      69.91,
      70.4,
      70.62,
      70.76,
      70.79,
      71.12,
      71.11,
      70.98
    ]
  }
}