{
  "config": {
    "run_name": "exp1.4.2",
    "out_dir": "./results",
    "seed": 42,
    "device": null,
    "bs_train": 100,
    "bs_test": 25,
    "batches": 10,
    "epochs": 60,
    "early_stopping": 5,
    "checkpoints": null,
    "lr": 0.001,
    "reg": 0.001,
    "filters_per_layer": [
      64,
      128,
      256
    ],
    "pool_every": 8,
    "hidden_dims": [
      100
    ],
    "model_type": "resnet",
    "kw": {},
    "layers_per_block": 8
  },
  "results": {
    "num_epochs": 0,
    "train_loss": [
      2.3018388671875,
      2.2976630859375,
      2.29078515625,
      2.27447900390625,
      2.2241474609375,
      2.11529296875,
      2.036003173828125,
      1.9974190673828125,
      1.9728626708984376,
      1.9505955810546876,
      1.9258841552734376,
      1.8938858642578125,
      1.849193603515625,
      1.7870999755859376,
      1.7062896728515624,
      1.622478271484375,
      1.5632789306640624,
      1.5230947265625,
      1.48991552734375,
      1.4612607421875,
      1.43497412109375,
      1.4101749267578125,
      1.38676220703125,
      1.3631387939453126,
      1.33935791015625,
      1.3154332275390626,
      1.2909697265625,
      1.2651175537109376,
      1.2383638916015625,
      1.21177294921875,
      1.1859471435546876,
      1.160087890625,
      1.1349730224609376,
      1.1102144775390625,
      1.0861077880859376,
      1.0637138671875,
      1.0412769775390625,
      1.0195162963867188,
      0.999359619140625,
      0.9793998413085937,
      0.9604896240234375,
      0.9425376586914063,
      0.9250716552734375,
      0.908548095703125,
      0.893821533203125,
      0.8806649169921875,
      0.8686459350585938,
      0.85606884765625,
      0.843283447265625,
      0.8314049072265625,
      0.8184827880859376,
      0.8021975708007812,
      0.7888043212890625,
      0.7741873779296875,
      0.7619791870117187,
      0.7496243896484375,
      0.73933740234375,
      0.7247551879882812,
      0.711205078125,
      0.6989049072265625
    ],
    "train_acc": [
      10.06,
      11.436,
      15.34,
      17.734,
      20.322,
      23.148,
      25.318,
      26.542,
      27.79,
      28.932,
      30.256,
      31.888,
      33.99,
      36.484,
      39.2,
      41.65,
      43.334,
      44.634,
      46.004,
      47.15,
      48.078,
      49.078,
      49.954,
      50.918,
      51.838,
      52.794,
      53.7,
      54.812,
      55.934,
      56.978,
      57.87,
      58.904,
      59.75,
      60.81,
      61.568,
      62.368,
      63.3,
      64.104,
      64.768,
      65.436,
      66.158,
      66.762,
      67.424,
      68.08,
      68.588,
      69.01,
      69.48,
      69.968,
      70.2,
      70.75,
      71.248,
      71.91,
      72.438,
      72.992,
      73.464,
      73.868,
      74.166,
      74.612,
      75.16,
      75.56
    ],
    "test_loss": [
      2.2997666931152345,
      2.2948419189453126,
      2.284953765869141,
      2.2582931518554688,
      2.1731500244140625,
      2.0587493896484377,
      2.007263488769531,
      1.9785882568359374,
      1.9554400634765625,
      1.932353515625,
      1.9049241638183594,
      1.8680853271484374,
      1.816962432861328,
      1.7454666137695312,
      1.6715182495117187,
      1.5746354675292968,
      1.525762176513672,
      1.490260772705078,
      1.4612673950195312,
      1.4351556396484375,
      1.4136973571777345,
      1.394396514892578,
      1.379810791015625,
      1.363265380859375,
      1.3452230834960937,
      1.3242147827148438,
      1.291659393310547,
      1.2591351318359374,
      1.2312618255615235,
      1.2007508850097657,
      1.177785415649414,
      1.1541558837890624,
      1.1293254852294923,
      1.1070997619628906,
      1.0867008209228515,
      1.068630142211914,
      1.049886474609375,
      1.0314061737060547,
      1.0147795867919922,
      0.9980833435058594,
      0.9860970306396485,
      0.9791927337646484,
      0.9736195373535156,
      0.9659416961669922,
      0.9777435302734375,
      1.0318886566162109,
      1.0413489532470703,
      0.9962511444091797,
      0.9278163146972657,
      0.911012191772461,
      0.8979931640625,
      0.8825537109375,
      0.8743803405761719,
      0.8647666931152344,
      0.8530806732177735,
      0.8433971405029297,
      0.8257898712158203,
      0.81828857421875,
      0.8133637237548829,
      0.8141050720214844
    ],
    "test_acc": [
      10.34,
      15.35,
      16.94,
      18.64,
      21.79,
      25.23,
      26.43,
      27.59,
      28.55,
      29.87,
      30.98,
      32.85,
      34.8,
      37.54,
      39.63,
      42.53,
      44.36,
      45.64,
      46.56,
      47.44,
      48.38,
      49.15,
      49.67,
      50.33,
      51.18,
      51.99,
      53.36,
      54.33,
      55.31,
      56.69,
      57.63,
      58.65,
      59.64,
      60.59,
      61.47,
      62.06,
      62.65,
      63.41,
      63.91,
      64.77,
      65.22,
      65.57,
      65.96,
      66.52,
      66.23,
      64.41,
      63.9,
      65.67,
      67.64,
      68.53,
      68.96,
      69.67,
      69.8,
      70.18,
      70.62,
      70.95,
      71.59,
      71.76,
      72.05,
      71.63
    ]
  }
}