{
  "config": {
    "run_name": "exp1.4.2",
    "out_dir": "./results",
    "seed": 42,
    "device": null,
    "bs_train": 100,
    "bs_test": 25,
    "batches": 10,
    "epochs": 60,
    "early_stopping": 5,
    "checkpoints": null,
    "lr": 0.001,
    "reg": 0.001,
    "filters_per_layer": [
      64,
      128,
      256
    ],
    "pool_every": 3,
    "hidden_dims": [
      100
    ],
    "model_type": "resnet",
    "kw": {},
    "layers_per_block": 4
  },
  "results": {
    "num_epochs": 0,
    "train_loss": [
      2.301819091796875,
      2.29851513671875,
      2.293491943359375,
      2.276787109375,
      2.0939609375,
      1.9630233154296874,
      1.860500732421875,
      1.7284951171875,
      1.6200211181640625,
      1.5518428955078125,
      1.497792724609375,
      1.450075927734375,
      1.406348388671875,
      1.3630831298828125,
      1.320424560546875,
      1.28215673828125,
      1.2447442626953125,
      1.208205078125,
      1.1723189697265626,
      1.1364656982421875,
      1.1003485107421875,
      1.064359619140625,
      1.029737548828125,
      0.9932999267578125,
      0.9603013305664062,
      0.9268770751953125,
      0.8922935791015625,
      0.8562578125,
      0.8244573974609375,
      0.789731689453125,
      0.7525360717773437,
      0.7150298461914063,
      0.692658447265625
    ],
    "train_acc": [
      10.534,
      11.268,
      13.268,
      16.43,
      22.832,
      27.28,
      32.114,
      37.212,
      41.148,
      43.924,
      45.87,
      47.662,
      49.272,
      51.01,
      52.804,
      54.266,
      55.656,
      57.12,
      58.388,
      59.656,
      61.06,
      62.416,
      63.608,
      64.894,
      66.196,
      67.438,
      68.738,
      70.11,
      71.176,
      72.434,
      73.75,
      74.998,
      75.67
    ],
    "test_loss": [
      2.3001254272460936,
      2.2965019226074217,
      2.2891081237792967,
      2.2479005432128907,
      2.041542816162109,
      1.9490545654296876,
      1.7700297546386718,
      1.6302168273925781,
      1.54751953125,
      1.5006219482421874,
      1.4672850036621095,
      1.4068414306640624,
      1.3832009887695313,
      1.3438674926757812,
      1.3356089782714844,
      1.337051239013672,
      1.31868896484375,
      1.2709495544433593,
      1.2318115997314454,
      1.200265884399414,
      1.186662063598633,
      1.179648208618164,
      1.1727913665771483,
      1.168787841796875,
      1.1757359313964844,
      1.1785765838623048,
      1.1812505340576172,
      1.1727472686767577,
      1.1870272064208984,
      1.1995880126953125,
      1.231171646118164,
      1.2819773864746093,
      1.3247140502929688
    ],
    "test_acc": [
      10.0,
      13.65,
      13.67,
      18.09,
      23.12,
      29.05,
      35.84,
      41.21,
      44.65,
      46.28,
      47.95,
      50.14,
      51.34,
      52.83,
      53.44,
      53.97,
      54.47,
      55.63,
      56.75,
      57.61,
      58.18,
      58.84,
      59.27,
      59.51,
      59.5,
      59.87,
      59.98,
      60.08,
      59.91,
      60.05,
      60.05,
      59.67,
      59.21
    ]
  }
}