{
  "config": {
    "run_name": "exp1.2",
    "out_dir": "./results",
    "seed": 42,
    "device": null,
    "bs_train": 100,
    "bs_test": 25,
    "batches": 10,
    "epochs": 60,
    "early_stopping": 5,
    "checkpoints": null,
    "lr": 0.001,
    "reg": 0.001,
    "filters_per_layer": [
      64
    ],
    "pool_every": 2,
    "hidden_dims": [
      100
    ],
    "model_type": "resnet",
    "kw": {},
    "layers_per_block": 8
  },
  "results": {
    "num_epochs": 0,
    "train_loss": [
      2.287667236328125,
      2.15037353515625,
      1.9531419677734374,
      1.8137679443359376,
      1.659596435546875,
      1.5485111083984375,
      1.4728551025390626,
      1.40978564453125,
      1.350310791015625,
      1.29316748046875,
      1.2368955078125,
      1.1805947265625,
      1.12720947265625,
      1.0781551513671874,
      1.033290283203125,
      0.992949951171875,
      0.9552119140625,
      0.921492431640625,
      0.8887400512695313,
      0.8577415771484375,
      0.8289068603515625,
      0.8013800048828125,
      0.774896484375,
      0.74938134765625,
      0.7250950927734375,
      0.7011128540039062,
      0.6785762329101562,
      0.6559144897460938,
      0.6355787353515625,
      0.61567822265625,
      0.5968939208984375,
      0.576777099609375,
      0.5570643310546874,
      0.5365343017578125,
      0.5171364135742188,
      0.49856134033203126,
      0.4797698974609375
    ],
    "train_acc": [
      14.604,
      22.126,
      28.52,
      34.546,
      39.458,
      43.228,
      46.036,
      48.508,
      51.194,
      53.474,
      55.828,
      58.054,
      60.07,
      61.892,
      63.528,
      64.994,
      66.316,
      67.492,
      68.612,
      69.806,
      70.924,
      71.818,
      72.722,
      73.668,
      74.584,
      75.36,
      76.15,
      76.958,
      77.772,
      78.452,
      79.19,
      79.95,
      80.73,
      81.414,
      82.198,
      82.934,
      83.592
    ],
    "test_loss": [
      2.2639146423339844,
      2.0100497436523437,
      1.9139202880859374,
      1.692796173095703,
      1.5693528747558594,
      1.4863919067382811,
      1.4492098999023437,
      1.4203018188476562,
      1.3694265747070313,
      1.2975765991210937,
      1.227608871459961,
      1.1707642364501953,
      1.1240473937988282,
      1.0844168853759766,
      1.0500394439697265,
      1.0170973205566407,
      0.9922932434082031,
      0.9663436889648438,
      0.9495894622802734,
      0.929379653930664,
      0.9149721527099609,
      0.9045899963378906,
      0.8942062377929687,
      0.886060562133789,
      0.8755454254150391,
      0.8668402862548829,
      0.8581413269042969,
      0.8499636840820313,
      0.8460041046142578,
      0.8423721313476562,
      0.8319396209716797,
      0.825046157836914,
      0.8347320556640625,
      0.848015365600586,
      0.8612338256835937,
      0.8852491760253907,
      0.9009284973144531
    ],
    "test_acc": [
      19.0,
      27.0,
      31.29,
      38.9,
      42.76,
      46.0,
      47.73,
      49.39,
      51.81,
      54.18,
      56.5,
      58.86,
      60.5,
      61.83,
      62.94,
      64.1,
      64.84,
      65.92,
      66.59,
      67.33,
      67.65,
      68.35,
      68.74,
      69.3,
      69.74,
      70.14,
      70.8,
      71.26,
      71.42,
      71.64,
      71.99,
      72.36,
      72.32,
      72.03,
      71.97,
      71.56,
      71.64
    ]
  }
}