{
  "config": {
    "run_name": "exp1.1",
    "out_dir": "./results",
    "seed": 42,
    "device": null,
    "bs_train": 100,
    "bs_test": 25,
    "batches": 10,
    "epochs": 60,
    "early_stopping": 5,
    "checkpoints": null,
    "lr": 0.001,
    "reg": 0.001,
    "filters_per_layer": [
      64
    ],
    "pool_every": 3,
    "hidden_dims": [
      100
    ],
    "model_type": "resnet",
    "kw": {},
    "layers_per_block": 2
  },
  "results": {
    "num_epochs": 0,
    "train_loss": [
      2.0130914306640624,
      1.7442913818359376,
      1.588070556640625,
      1.4799512939453126,
      1.4018533935546875,
      1.3279825439453126,
      1.2501990966796874,
      1.1814520263671875,
      1.1227952880859375,
      1.0698555908203125,
      1.0224669189453126,
      0.9782348022460937,
      0.93715087890625,
      0.8973032836914062,
      0.8587731323242187,
      0.82202392578125,
      0.7855305786132812,
      0.7483068237304688,
      0.711773193359375,
      0.67412548828125,
      0.6373274536132812,
      0.600508056640625,
      0.5648883666992187,
      0.53008544921875,
      0.49705416870117186,
      0.4651541442871094,
      0.436852294921875,
      0.4080223693847656
    ],
    "train_acc": [
      28.3,
      38.766,
      43.814,
      47.182,
      49.99,
      52.778,
      55.672,
      58.302,
      60.582,
      62.288,
      64.132,
      65.858,
      67.332,
      68.872,
      70.332,
      71.546,
      72.91,
      74.304,
      75.674,
      76.864,
      78.248,
      79.524,
      80.942,
      82.286,
      83.446,
      84.536,
      85.556,
      86.4
    ],
    "test_loss": [
      1.8426905822753907,
      1.6391902160644531,
      1.511627197265625,
      1.4287100219726563,
      1.3631045532226562,
      1.3166615295410156,
      1.2497286987304688,
      1.1756310272216797,
      1.1404369354248047,
      1.0978599548339845,
      1.0607228088378906,
      1.0331713104248046,
      1.0041233062744142,
      0.982032241821289,
      0.9643726348876953,
      0.9483973693847656,
      0.9353812408447265,
      0.9321949005126953,
      0.9344841766357422,
      0.93020751953125,
      0.9263700103759765,
      0.9239779663085937,
      0.923428955078125,
      0.9340648651123047,
      0.9557320404052735,
      0.9887159729003906,
      1.034203338623047,
      1.0912781524658204
    ],
    "test_acc": [
      35.29,
      42.31,
      46.15,
      49.26,
      51.76,
      53.83,
      55.98,
      58.7,
      60.16,
      61.9,
      63.05,
      63.85,
      64.97,
      65.6,
      66.12,
      66.83,
      67.32,
      67.71,
      67.68,
      68.0,
      68.3,
      68.71,
      69.17,
      69.52,
      69.63,
      69.34,
      68.52,
      67.52
    ]
  }
}