{
  "config": {
    "run_name": "exp1.4.2",
    "out_dir": "./results",
    "seed": 42,
    "device": null,
    "bs_train": 100,
    "bs_test": 25,
    "batches": 10,
    "epochs": 60,
    "early_stopping": 5,
    "checkpoints": null,
    "lr": 0.001,
    "reg": 0.001,
    "filters_per_layer": [
      64,
      128,
      256
    ],
    "pool_every": 3,
    "hidden_dims": [
      100
    ],
    "model_type": "resnet",
    "kw": {},
    "layers_per_block": 2
  },
  "results": {
    "num_epochs": 0,
    "train_loss": [
      2.232072509765625,
      1.9675234375,
      1.816291259765625,
      1.6879522705078125,
      1.590449462890625,
      1.511045654296875,
      1.4536658935546876,
      1.4055157470703126,
      1.3562647705078126,
      1.3013553466796874,
      1.244166015625,
      1.1862481689453126,
      1.1329925537109375,
      1.082751220703125,
      1.033478515625,
      0.9841947021484375,
      0.935506591796875,
      0.8863673095703125,
      0.8374299926757812,
      0.7906954956054687,
      0.746059814453125,
      0.7021736450195313,
      0.6558906860351562,
      0.6125543823242188,
      0.5689652099609375,
      0.5184349365234375,
      0.46726910400390625
    ],
    "train_acc": [
      20.104,
      29.444,
      35.604,
      39.768,
      43.214,
      45.852,
      48.276,
      49.968,
      51.672,
      53.764,
      55.856,
      57.82,
      59.756,
      61.61,
      63.582,
      65.332,
      67.184,
      69.086,
      70.936,
      72.778,
      74.252,
      75.824,
      77.45,
      78.962,
      80.632,
      82.342,
      84.222
    ],
    "test_loss": [
      2.071521453857422,
      1.8996121215820312,
      1.752266845703125,
      1.6168284606933594,
      1.5168019104003907,
      1.458358154296875,
      1.4233270263671876,
      1.3809602355957031,
      1.3362448120117187,
      1.280574188232422,
      1.2389521026611328,
      1.194065704345703,
      1.1525118255615234,
      1.114494857788086,
      1.0810089111328125,
      1.044404067993164,
      1.0089493560791016,
      0.9786304473876953,
      0.9588036346435547,
      0.94216796875,
      0.9314725494384766,
      0.9258103942871094,
      0.9353858184814453,
      0.9820204162597657,
      1.0151553344726563,
      1.0382979583740235,
      1.0602415466308595
    ],
    "test_acc": [
      26.18,
      32.51,
      38.24,
      42.51,
      45.68,
      47.96,
      49.7,
      51.11,
      53.15,
      55.01,
      56.29,
      58.24,
      59.58,
      60.9,
      62.22,
      63.58,
      64.76,
      65.91,
      66.83,
      67.53,
      68.01,
      68.36,
      68.16,
      67.52,
      67.14,
      67.1,
      67.82
    ]
  }
}