{
  "config": {
    "run_name": "exp1.1",
    "out_dir": "./results",
    "seed": 42,
    "device": null,
    "bs_train": 100,
    "bs_test": 25,
    "batches": 10,
    "epochs": 60,
    "early_stopping": 5,
    "checkpoints": null,
    "lr": 0.001,
    "reg": 0.001,
    "filters_per_layer": [
      64
    ],
    "pool_every": 3,
    "hidden_dims": [
      100
    ],
    "model_type": "resnet",
    "kw": {},
    "layers_per_block": 8
  },
  "results": {
    "num_epochs": 0,
    "train_loss": [
      2.191760009765625,
      1.9240992431640624,
      1.7659952392578124,
      1.63445703125,
      1.531002685546875,
      1.4514610595703126,
      1.3870716552734375,
      1.3258062744140624,
      1.2670916748046874,
      1.208867431640625,
      1.1509619140625,
      1.09303955078125,
      1.038263916015625,
      0.986820556640625,
      0.938228271484375,
      0.8936902465820312,
      0.852040771484375,
      0.8142159423828125,
      0.77659912109375,
      0.739550537109375,
      0.702961669921875,
      0.6676004028320313,
      0.6323716430664063,
      0.5968593139648437,
      0.561557861328125,
      0.526130126953125,
      0.491300048828125,
      0.45951947021484374,
      0.43511166381835936,
      0.41221649169921876
    ],
    "train_acc": [
      20.63,
      31.032,
      37.196,
      41.458,
      45.05,
      48.06,
      50.488,
      52.632,
      54.924,
      57.154,
      59.216,
      61.316,
      63.39,
      65.262,
      67.074,
      68.726,
      70.406,
      71.856,
      73.224,
      74.522,
      75.654,
      76.906,
      78.244,
      79.484,
      80.682,
      82.022,
      83.368,
      84.482,
      85.194,
      86.088
    ],
    "test_loss": [
      2.013885803222656,
      1.8651419067382813,
      1.687382049560547,
      1.5638214111328126,
      1.4684280395507812,
      1.4131672668457032,
      1.36643310546875,
      1.3231405639648437,
      1.270141830444336,
      1.2117940521240234,
      1.163903121948242,
      1.1128585052490234,
      1.0658165740966796,
      1.0179983520507812,
      0.9806816864013672,
      0.9511892700195312,
      0.9236180114746094,
      0.90999755859375,
      0.8977528381347656,
      0.8856124877929688,
      0.8763123321533203,
      0.868711929321289,
      0.8706314849853516,
      0.868853530883789,
      0.867348403930664,
      0.8736993408203125,
      0.8910262298583984,
      0.9264723205566406,
      0.9893302154541016,
      1.010230484008789
    ],
    "test_acc": [
      26.96,
      34.43,
      40.37,
      44.17,
      47.7,
      49.82,
      51.32,
      53.4,
      55.13,
      57.17,
      58.89,
      60.87,
      62.51,
      64.2,
      66.03,
      67.05,
      68.0,
      68.44,
      68.97,
      69.27,
      69.62,
      69.94,
      70.09,
      70.67,
      71.15,
      71.39,
      71.61,
      71.37,
      70.37,
      70.56
    ]
  }
}