{
  "config": {
    "run_name": "exp1.2",
    "out_dir": "./results",
    "seed": 42,
    "device": null,
    "bs_train": 100,
    "bs_test": 25,
    "batches": 10,
    "epochs": 60,
    "early_stopping": 5,
    "checkpoints": null,
    "lr": 0.001,
    "reg": 0.001,
    "filters_per_layer": [
      32
    ],
    "pool_every": 2,
    "hidden_dims": [
      100
    ],
    "model_type": "resnet",
    "kw": {},
    "layers_per_block": 2
  },
  "results": {
    "num_epochs": 0,
    "train_loss": [
      2.097570556640625,
      1.8588056640625,
      1.7326826171875,
      1.6436861572265624,
      1.5698458251953125,
      1.497115966796875,
      1.4290911865234375,
      1.3742808837890625,
      1.3323701171875,
      1.2960758056640624,
      1.2610330810546875,
      1.2259415283203126,
      1.188529541015625,
      1.148888671875,
      1.1101693115234375,
      1.0738349609375,
      1.0401038818359376,
      1.0083096923828125,
      0.9781101684570312,
      0.9490468139648438,
      0.9205974731445312,
      0.8926969604492188,
      0.86511572265625,
      0.8377406005859375,
      0.8104197387695312,
      0.783966064453125,
      0.7570970458984375,
      0.7301239624023438,
      0.7034344482421875,
      0.676990234375,
      0.6508318481445312,
      0.6243970947265625,
      0.597918212890625
    ],
    "train_acc": [
      25.352,
      34.496,
      39.07,
      42.056,
      44.47,
      46.998,
      49.354,
      51.518,
      53.002,
      54.402,
      55.776,
      56.954,
      58.316,
      59.556,
      60.998,
      62.27,
      63.554,
      64.628,
      65.826,
      66.92,
      67.906,
      69.12,
      70.094,
      71.074,
      72.056,
      73.026,
      73.974,
      74.856,
      75.842,
      76.94,
      77.922,
      78.824,
      79.8
    ],
    "test_loss": [
      1.9343879699707032,
      1.789202880859375,
      1.6713912963867188,
      1.5946920776367188,
      1.5243641662597656,
      1.456168670654297,
      1.3995693969726561,
      1.3576751708984376,
      1.324749755859375,
      1.2968789672851562,
      1.268873291015625,
      1.2438518524169921,
      1.212776870727539,
      1.1819428253173827,
      1.1559398651123047,
      1.13316650390625,
      1.113216323852539,
      1.0960697174072265,
      1.0804085540771484,
      1.0666870880126953,
      1.054544677734375,
      1.0437310028076172,
      1.034079360961914,
      1.027575454711914,
      1.0214323425292968,
      1.0176371002197266,
      1.016343536376953,
      1.016257095336914,
      1.017342529296875,
      1.021422119140625,
      1.0284683227539062,
      1.037145233154297,
      1.0482296752929687
    ],
    "test_acc": [
      30.93,
      36.9,
      41.01,
      43.54,
      46.24,
      48.61,
      50.28,
      52.01,
      53.14,
      53.92,
      54.99,
      56.0,
      57.03,
      58.16,
      59.09,
      59.76,
      60.47,
      61.17,
      61.98,
      62.53,
      63.1,
      63.46,
      63.94,
      64.23,
      64.7,
      64.61,
      65.03,
      65.09,
      65.12,
      65.12,
      65.4,
      65.38,
      65.54
    ]
  }
}