{
  "config": {
    "run_name": "exp1.2",
    "out_dir": "./results",
    "seed": 42,
    "device": null,
    "bs_train": 100,
    "bs_test": 25,
    "batches": 10,
    "epochs": 60,
    "early_stopping": 5,
    "checkpoints": null,
    "lr": 0.001,
    "reg": 0.001,
    "filters_per_layer": [
      256
    ],
    "pool_every": 2,
    "hidden_dims": [
      100
    ],
    "model_type": "resnet",
    "kw": {},
    "layers_per_block": 2
  },
  "results": {
    "num_epochs": 0,
    "train_loss": [
      1.9557158203125,
      1.694701904296875,
      1.5432061767578125,
      1.4246571044921874,
      1.3322078857421875,
      1.253879638671875,
      1.187571533203125,
      1.1295181884765626,
      1.07708984375,
      1.02788330078125,
      0.9823952026367188,
      0.9402190551757813,
      0.9004160766601562,
      0.8623480224609374,
      0.826364990234375,
      0.7914827270507813,
      0.75781884765625,
      0.7250795288085937,
      0.6932628173828125,
      0.6614581298828125,
      0.6300241088867188,
      0.599172119140625,
      0.56855712890625,
      0.538427978515625,
      0.5086028747558594
    ],
    "train_acc": [
      30.238,
      40.306,
      45.23,
      49.198,
      52.708,
      55.668,
      58.226,
      60.376,
      62.182,
      64.01,
      65.67,
      67.264,
      68.668,
      70.104,
      71.442,
      72.628,
      73.952,
      75.192,
      76.33,
      77.564,
      78.736,
      79.97,
      81.094,
      82.22,
      83.404
    ],
    "test_loss": [
      1.7761756896972656,
      1.6085887145996094,
      1.4865351867675782,
      1.3933445739746093,
      1.324418182373047,
      1.2653252410888671,
      1.2229639434814452,
      1.1835073852539062,
      1.1455879211425781,
      1.109532699584961,
      1.0796912384033204,
      1.0548795318603517,
      1.0334793090820313,
      1.0128599548339843,
      0.9933921051025391,
      0.9744474029541016,
      0.9592527770996093,
      0.9531710815429687,
      0.9482611083984375,
      0.94553955078125,
      0.9461769866943359,
      0.9510525512695313,
      0.9583078765869141,
      0.9684463500976562,
      0.9821260833740234
    ],
    "test_acc": [
      38.01,
      43.16,
      47.17,
      50.58,
      53.29,
      55.73,
      56.89,
      58.53,
      59.72,
      61.08,
      62.31,
      63.13,
      63.85,
      64.69,
      65.39,
      65.94,
      66.49,
      66.85,
      67.38,
      67.51,
      67.47,
      67.65,
      67.87,
      67.84,
      67.77
    ]
  }
}