{
  "config": {
    "run_name": "exp1.4.1",
    "out_dir": "./results",
    "seed": 42,
    "device": null,
    "bs_train": 100,
    "bs_test": 25,
    "batches": 10,
    "epochs": 60,
    "early_stopping": 5,
    "checkpoints": null,
    "lr": 0.001,
    "reg": 0.001,
    "filters_per_layer": [
      32
    ],
    "pool_every": 8,
    "hidden_dims": [
      100
    ],
    "model_type": "resnet",
    "kw": {},
    "layers_per_block": 32
  },
  "results": {
    "num_epochs": 0,
    "train_loss": [
      2.2982705078125,
      2.28915625,
      2.279128662109375,
      2.264079833984375,
      2.2398837890625,
      2.202466796875,
      2.159571044921875,
      2.125383544921875,
      2.09371728515625,
      2.057300537109375,
      2.0144017333984374,
      1.966215087890625,
      1.917926513671875,
      1.8773499755859375,
      1.8469864501953126,
      1.8247266845703125,
      1.8048211669921874,
      1.782785400390625,
      1.7553675537109374,
      1.7302347412109376,
      1.7065360107421874,
      1.684037109375,
      1.6598134765625,
      1.6338321533203124,
      1.6083958740234374,
      1.583892578125,
      1.5619271240234376,
      1.5417327880859375,
      1.52126708984375,
      1.4983779296875,
      1.4740736083984376,
      1.450458984375,
      1.4277017822265625,
      1.40303125,
      1.3788133544921874,
      1.35807421875,
      1.3380003662109374,
      1.3168009033203125,
      1.2961839599609375,
      1.2762781982421876,
      1.256978271484375,
      1.2384659423828126,
      1.2174788818359374,
      1.195593994140625,
      1.1747138671875,
      1.1523980712890625,
      1.1298607177734374,
      1.1076939697265624,
      1.0878858642578124,
      1.0666259765625,
      1.0456170654296875,
      1.02624658203125,
      1.0073367919921874,
      0.9915165405273437,
      0.9741084594726562,
      0.9579966430664062,
      0.941188232421875,
      0.9276396484375,
      0.91437939453125,
      0.901071533203125
    ],
    "train_acc": [
      11.944,
      13.852,
      16.282,
      17.996,
      19.246,
      19.698,
      20.382,
      21.194,
      22.758,
      24.898,
      27.36,
      29.324,
      30.718,
      31.774,
      32.662,
      33.274,
      33.994,
      34.724,
      35.806,
      36.56,
      37.396,
      38.238,
      39.216,
      39.98,
      40.826,
      41.84,
      42.748,
      43.374,
      44.082,
      45.138,
      45.912,
      46.69,
      47.396,
      48.544,
      49.436,
      50.254,
      51.026,
      51.854,
      52.622,
      53.358,
      54.106,
      54.934,
      55.804,
      56.846,
      57.654,
      58.56,
      59.532,
      60.266,
      61.106,
      61.92,
      62.774,
      63.504,
      64.278,
      64.822,
      65.476,
      66.092,
      66.726,
      67.216,
      67.76,
      68.328
    ],
    "test_loss": [
      2.293404541015625,
      2.284967803955078,
      2.2730177307128905,
      2.254242706298828,
      2.2236460876464843,
      2.179513397216797,
      2.1384396362304687,
      2.105321350097656,
      2.0705972290039063,
      2.0314231872558595,
      1.9903457641601563,
      1.9412985229492188,
      1.8967208862304688,
      1.857376708984375,
      1.824013214111328,
      1.800667266845703,
      1.77840576171875,
      1.7518765258789062,
      1.7184620666503907,
      1.6914791870117187,
      1.6688847351074219,
      1.6492024230957032,
      1.6263546752929687,
      1.603267822265625,
      1.580858154296875,
      1.5553868103027344,
      1.5348641967773438,
      1.525049285888672,
      1.508622283935547,
      1.47899658203125,
      1.4448458862304687,
      1.4243711853027343,
      1.409981231689453,
      1.3924119567871094,
      1.392227020263672,
      1.3811563110351563,
      1.3633311462402344,
      1.3449725341796874,
      1.3188890075683595,
      1.2983296203613282,
      1.2827700805664062,
      1.2619574737548829,
      1.2370803833007813,
      1.2220867156982422,
      1.2162291717529297,
      1.2218572998046875,
      1.2379421997070312,
      1.2279537963867186,
      1.2146945190429688,
      1.1786685180664063,
      1.1511638641357422,
      1.142739028930664,
      1.1128850555419922,
      1.0900784301757813,
      1.0671067810058594,
      1.0533340454101563,
      1.0486335754394531,
      1.0310311126708984,
      1.0146688079833985,
      0.9960418701171875
    ],
    "test_acc": [
      12.65,
      14.2,
      16.06,
      18.08,
      19.36,
      20.0,
      20.89,
      21.85,
      23.96,
      26.66,
      28.53,
      29.89,
      31.09,
      32.63,
      34.27,
      34.94,
      35.62,
      36.39,
      37.32,
      38.92,
      39.78,
      40.31,
      40.39,
      41.15,
      41.76,
      42.28,
      42.89,
      43.45,
      43.92,
      44.94,
      46.65,
      47.44,
      47.93,
      48.52,
      48.69,
      49.09,
      49.88,
      50.95,
      51.77,
      52.43,
      53.31,
      54.13,
      55.01,
      55.62,
      55.81,
      56.33,
      55.62,
      56.48,
      57.02,
      58.38,
      59.58,
      60.24,
      61.29,
      61.81,
      62.56,
      62.86,
      62.82,
      63.56,
      64.27,
      65.02
    ]
  }
}