{
  "config": {
    "run_name": "exp1.2",
    "out_dir": "./results",
    "seed": 42,
    "device": null,
    "bs_train": 100,
    "bs_test": 25,
    "batches": 10,
    "epochs": 60,
    "early_stopping": 5,
    "checkpoints": null,
    "lr": 0.001,
    "reg": 0.001,
    "filters_per_layer": [
      256
    ],
    "pool_every": 2,
    "hidden_dims": [
      100
    ],
    "model_type": "resnet",
    "kw": {},
    "layers_per_block": 4
  },
  "results": {
    "num_epochs": 0,
    "train_loss": [
      2.022702392578125,
      1.7044385986328126,
      1.514104248046875,
      1.396416015625,
      1.3014381103515624,
      1.22465283203125,
      1.157338134765625,
      1.096863525390625,
      1.0402421875,
      0.9874926147460937,
      0.9393955078125,
      0.8959203491210938,
      0.855596923828125,
      0.81803271484375,
      0.7818281860351562,
      0.7473952026367188,
      0.7136084594726563,
      0.6813549194335937,
      0.6500140380859375,
      0.6196458740234375,
      0.5880228271484375,
      0.55666650390625,
      0.5242750244140625,
      0.49180184936523436,
      0.4593556518554687
    ],
    "train_acc": [
      27.718,
      39.648,
      45.964,
      50.216,
      53.832,
      56.874,
      59.388,
      61.516,
      63.582,
      65.574,
      67.438,
      68.976,
      70.316,
      71.828,
      73.098,
      74.218,
      75.42,
      76.508,
      77.682,
      78.864,
      79.928,
      81.052,
      82.282,
      83.498,
      84.718
    ],
    "test_loss": [
      1.8305783081054687,
      1.5756300354003907,
      1.4492857360839844,
      1.3476626586914062,
      1.2610285949707032,
      1.1919684600830078,
      1.1370082092285156,
      1.0870453643798828,
      1.0460245513916016,
      1.0078975677490234,
      0.9688886260986328,
      0.9377400970458984,
      0.9173030853271484,
      0.9016110229492188,
      0.8830972290039063,
      0.865587387084961,
      0.8495520782470704,
      0.8368956756591797,
      0.8279481506347657,
      0.8264787292480469,
      0.8310128021240234,
      0.8400832366943359,
      0.8499788665771484,
      0.8620449066162109,
      0.8710462951660156
    ],
    "test_acc": [
      35.99,
      44.06,
      48.65,
      52.64,
      55.96,
      58.28,
      60.56,
      62.2,
      63.61,
      64.95,
      66.29,
      67.09,
      68.04,
      68.77,
      69.37,
      70.16,
      70.87,
      71.16,
      71.5,
      71.53,
      71.64,
      71.53,
      71.45,
      71.44,
      71.46
    ]
  }
}