{
  "config": {
    "run_name": "exp1.3",
    "out_dir": "./results",
    "seed": 42,
    "device": null,
    "bs_train": 100,
    "bs_test": 25,
    "batches": 10,
    "epochs": 60,
    "early_stopping": 5,
    "checkpoints": null,
    "lr": 0.001,
    "reg": 0.001,
    "filters_per_layer": [
      64,
      128,
      256
    ],
    "pool_every": 3,
    "hidden_dims": [
      100
    ],
    "model_type": "resnet",
    "kw": {},
    "layers_per_block": 2
  },
  "results": {
    "num_epochs": 0,
    "train_loss": [
      2.23216357421875,
      1.967943603515625,
      1.817071044921875,
      1.688259521484375,
      1.5910218505859375,
      1.511370361328125,
      1.4547540283203124,
      1.406615234375,
      1.3566583251953126,
      1.301185791015625,
      1.243660888671875,
      1.18590185546875,
      1.1329130859375,
      1.0828077392578126,
      1.033578857421875,
      0.983985595703125,
      0.9347490234375,
      0.8846900024414063,
      0.836604248046875,
      0.78894677734375,
      0.7440338745117188,
      0.7000548706054688,
      0.6532158203125,
      0.6026163940429687,
      0.55369775390625,
      0.505933837890625,
      0.46153509521484376
    ],
    "train_acc": [
      20.106,
      29.386,
      35.606,
      39.87,
      43.146,
      45.918,
      48.14,
      49.884,
      51.658,
      53.688,
      55.85,
      57.836,
      59.782,
      61.616,
      63.412,
      65.198,
      67.058,
      69.034,
      70.954,
      72.822,
      74.422,
      75.91,
      77.644,
      79.478,
      81.268,
      82.998,
      84.51
    ],
    "test_loss": [
      2.0717286682128906,
      1.8994168090820311,
      1.7503271484375,
      1.6170860290527345,
      1.51811279296875,
      1.4609852600097657,
      1.427024383544922,
      1.380223388671875,
      1.3385186767578126,
      1.2859860229492188,
      1.235294647216797,
      1.1937929534912108,
      1.1549737548828125,
      1.11918212890625,
      1.0837612915039063,
      1.0477599334716796,
      1.0087187194824219,
      0.9835179138183594,
      0.9650098419189453,
      0.9524185180664062,
      0.9417849731445312,
      0.93466064453125,
      0.9380564880371094,
      0.9664468383789062,
      1.018967742919922,
      1.0767089080810548,
      1.1827374267578126
    ],
    "test_acc": [
      26.3,
      32.46,
      38.33,
      42.58,
      45.55,
      47.87,
      49.49,
      51.16,
      53.1,
      54.76,
      56.69,
      58.24,
      59.6,
      60.85,
      61.98,
      63.09,
      64.55,
      65.5,
      66.42,
      66.92,
      67.52,
      68.19,
      68.45,
      68.04,
      67.18,
      66.83,
      65.71
    ]
  }
}