{
  "config": {
    "run_name": "exp1.1",
    "out_dir": "./results",
    "seed": 42,
    "device": null,
    "bs_train": 100,
    "bs_test": 25,
    "batches": 10,
    "epochs": 60,
    "early_stopping": 5,
    "checkpoints": null,
    "lr": 0.001,
    "reg": 0.001,
    "filters_per_layer": [
      32
    ],
    "pool_every": 3,
    "hidden_dims": [
      100
    ],
    "model_type": "resnet",
    "kw": {},
    "layers_per_block": 4
  },
  "results": {
    "num_epochs": 0,
    "train_loss": [
      2.140505126953125,
      1.858410888671875,
      1.720531494140625,
      1.62255615234375,
      1.53399560546875,
      1.461270263671875,
      1.406353271484375,
      1.3588057861328124,
      1.3163076171875,
      1.2769581298828125,
      1.2407530517578125,
      1.206777587890625,
      1.1733985595703125,
      1.13941650390625,
      1.1049346923828125,
      1.06845556640625,
      1.03113525390625,
      0.9949078979492187,
      0.959768798828125,
      0.925379638671875,
      0.8916116943359375,
      0.8559832763671875,
      0.8216861572265625,
      0.7852445068359375,
      0.7503493041992187,
      0.7126188354492188,
      0.6773757934570312,
      0.64195263671875,
      0.6050524291992188,
      0.5708567504882812,
      0.53766015625,
      0.5064326171875
    ],
    "train_acc": [
      22.77,
      34.104,
      39.158,
      42.416,
      45.306,
      47.982,
      50.038,
      51.674,
      53.194,
      54.544,
      56.01,
      57.126,
      58.358,
      59.66,
      60.936,
      62.246,
      63.6,
      65.04,
      66.338,
      67.534,
      68.798,
      70.036,
      71.258,
      72.632,
      73.818,
      75.236,
      76.67,
      77.886,
      79.152,
      80.58,
      81.704,
      82.892
    ],
    "test_loss": [
      1.94280029296875,
      1.7767108154296876,
      1.6492672729492188,
      1.5583457946777344,
      1.4763479614257813,
      1.4193943786621093,
      1.3720147705078125,
      1.3350596618652344,
      1.3033119201660157,
      1.2717314910888673,
      1.2516726684570312,
      1.2355525970458985,
      1.2263368988037109,
      1.207361602783203,
      1.1854027557373046,
      1.1601658630371094,
      1.146947021484375,
      1.13028564453125,
      1.1243623352050782,
      1.1038118743896483,
      1.099929656982422,
      1.0907716369628906,
      1.0927703094482422,
      1.0985610961914063,
      1.0921814727783203,
      1.0850397491455077,
      1.08480224609375,
      1.0990689086914063,
      1.1301664733886718,
      1.1820469665527344,
      1.2247025299072265,
      1.2787413787841797
    ],
    "test_acc": [
      30.54,
      37.49,
      41.81,
      44.92,
      47.55,
      48.99,
      50.64,
      52.35,
      53.51,
      54.56,
      55.58,
      55.97,
      56.59,
      57.2,
      58.08,
      58.9,
      59.44,
      60.3,
      60.88,
      61.62,
      61.8,
      62.0,
      62.02,
      61.98,
      62.54,
      63.12,
      63.59,
      63.6,
      63.23,
      62.81,
      62.47,
      62.3
    ]
  }
}