{
  "config": {
    "run_name": "exp2",
    "out_dir": "./results",
    "seed": 42,
    "device": null,
    "bs_train": 100,
    "bs_test": 25,
    "batches": 10,
    "epochs": 60,
    "early_stopping": 5,
    "checkpoints": null,
    "lr": 0.001,
    "reg": 0.001,
    "filters_per_layer": [
      32,
      64,
      128
    ],
    "pool_every": 12,
    "hidden_dims": [
      200,
      100
    ],
    "model_type": "ycn",
    "kw": {},
    "layers_per_block": 12
  },
  "results": {
    "num_epochs": 0,
    "train_loss": [
      2.305018798828125,
      2.30358447265625,
      2.303446533203125,
      2.303430908203125,
      2.303117919921875,
      2.303208984375,
      2.303208251953125,
      2.3029912109375,
      2.3030673828125,
      2.302962646484375,
      2.3027353515625,
      2.302832763671875,
      2.30299658203125,
      2.3028037109375,
      2.30292822265625,
      2.302800048828125,
      2.302713134765625,
      2.302916015625,
      2.30302197265625,
      2.302679443359375,
      2.302975830078125,
      2.30261962890625,
      2.302644287109375,
      2.302653076171875,
      2.30277294921875,
      2.30281884765625,
      2.30279541015625,
      2.30253173828125,
      2.302608642578125,
      2.30271240234375,
      2.302769775390625,
      2.302645263671875,
      2.30265869140625,
      2.3026474609375,
      2.302656982421875,
      2.302680419921875,
      2.302639892578125,
      2.30263623046875,
      2.3025888671875,
      2.302666259765625,
      2.302405517578125,
      2.302393798828125,
      2.302302978515625,
      2.3020888671875,
      2.302155029296875,
      2.3019326171875,
      2.301583251953125,
      2.3009775390625,
      2.299500732421875,
      2.294595703125,
      2.272460693359375,
      2.222647216796875,
      2.160957275390625,
      2.098893310546875,
      2.04569775390625,
      2.004282958984375,
      1.9557611083984374,
      1.916499267578125,
      1.8829754638671874,
      1.8473045654296876
    ],
    "train_acc": [
      9.85,
      9.964,
      10.03,
      9.956,
      10.066,
      9.908,
      10.018,
      9.856,
      9.972,
      9.992,
      9.95,
      10.19,
      9.946,
      9.92,
      9.992,
      10.186,
      9.906,
      9.834,
      9.94,
      9.972,
      9.668,
      10.058,
      9.966,
      10.186,
      10.066,
      9.942,
      10.186,
      10.188,
      9.98,
      9.774,
      10.106,
      10.12,
      9.858,
      9.9,
      10.336,
      9.984,
      10.038,
      10.018,
      10.134,
      10.056,
      10.214,
      10.2,
      10.322,
      10.396,
      10.408,
      10.202,
      10.428,
      10.662,
      11.124,
      11.742,
      13.006,
      15.984,
      19.118,
      22.16,
      24.224,
      25.848,
      27.542,
      28.984,
      30.268,
      31.472
    ],
    "test_loss": [
      2.303302459716797,
      2.302654266357422,
      2.3027183532714846,
      2.302816619873047,
      2.302692718505859,
      2.30274169921875,
      2.302668151855469,
      2.3025193786621094,
      2.3025241088867188,
      2.3025163269042968,
      2.302523498535156,
      2.30246337890625,
      2.302532958984375,
      2.3025857543945314,
      2.302506103515625,
      2.3023037719726562,
      2.3024452209472654,
      2.302526397705078,
      2.3025852966308595,
      2.302698516845703,
      2.3025970458984375,
      2.3025582885742186,
      2.302480010986328,
      2.3024971008300783,
      2.3024244689941407,
      2.30248779296875,
      2.302435302734375,
      2.3024851989746096,
      2.302554168701172,
      2.302445068359375,
      2.302377471923828,
      2.3023422241210936,
      2.3023382568359376,
      2.3021983337402343,
      2.3021299743652346,
      2.3020989990234373,
      2.302170715332031,
      2.3021063232421874,
      2.3022108459472657,
      2.302104797363281,
      2.3018751525878907,
      2.301927947998047,
      2.3017092895507814,
      2.301529541015625,
      2.301310272216797,
      2.3011483764648437,
      2.3004978942871093,
      2.29978759765625,
      2.2973536682128906,
      2.288096923828125,
      2.2288723754882813,
      2.1177745056152344,
      2.0567398071289062,
      1.992761993408203,
      1.954756317138672,
      1.8692636108398437,
      1.8218345642089844,
      1.8013742065429688,
      1.7554086303710938,
      1.7211550903320312
    ],
    "test_acc": [
      9.21,
      10.0,
      11.23,
      10.0,
      10.0,
      10.0,
      10.0,
      9.65,
      10.0,
      10.0,
      10.0,
      10.0,
      10.0,
      10.0,
      10.0,
      10.0,
      10.0,
      10.49,
      11.13,
      9.43,
      10.72,
      10.77,
      11.11,
      10.91,
      10.74,
      10.71,
      10.1,
      11.77,
      10.04,
      10.01,
      10.11,
      10.01,
      9.91,
      11.2,
      10.38,
      10.04,
      9.62,
      10.11,
      12.47,
      11.56,
      10.56,
      10.44,
      11.42,
      10.43,
      11.17,
      13.39,
      10.59,
      10.48,
      11.58,
      12.86,
      16.61,
      22.48,
      22.73,
      25.44,
      26.06,
      29.97,
      31.61,
      32.39,
      35.07,
      36.07
    ]
  }
}