{
  "config": {
    "run_name": "exp2",
    "out_dir": "./results",
    "seed": 42,
    "device": null,
    "bs_train": 100,
    "bs_test": 25,
    "batches": 10,
    "epochs": 60,
    "early_stopping": 5,
    "checkpoints": null,
    "lr": 0.001,
    "reg": 0.001,
    "filters_per_layer": [
      32,
      64,
      128
    ],
    "pool_every": 9,
    "hidden_dims": [
      200,
      100
    ],
    "model_type": "ycn",
    "kw": {},
    "layers_per_block": 9
  },
  "results": {
    "num_epochs": 0,
    "train_loss": [
      2.30349462890625,
      2.303175048828125,
      2.30116552734375,
      2.286841552734375,
      2.22952734375,
      2.1541611328125,
      2.096739013671875,
      2.02225634765625,
      1.965483642578125,
      1.9173214111328125,
      1.8787442626953126,
      1.8428782958984375,
      1.8042451171875,
      1.7724755859375,
      1.728211181640625,
      1.6969085693359376,
      1.6674969482421875,
      1.64421484375,
      1.628637451171875,
      1.6091058349609375,
      1.5860462646484375,
      1.5717520751953125,
      1.5565338134765625,
      1.54072265625,
      1.5267091064453124,
      1.51196533203125,
      1.5015592041015624,
      1.4846611328125,
      1.4782451171875,
      1.46312060546875,
      1.4565989990234376,
      1.4401566162109376,
      1.4365018310546875,
      1.42471630859375,
      1.4163551025390626,
      1.4058719482421875,
      1.39998486328125,
      1.3843656005859375,
      1.3840255126953125,
      1.3671632080078124,
      1.3654935302734375,
      1.35137109375,
      1.344299560546875,
      1.3371058349609375,
      1.3221246337890624,
      1.31663427734375,
      1.30848193359375,
      1.3021715087890624,
      1.2898375244140625,
      1.282796630859375,
      1.2718499755859376,
      1.2633907470703125,
      1.2595616455078125,
      1.2517178955078125,
      1.24148388671875,
      1.2298983154296874,
      1.2247659912109374,
      1.2161981201171874,
      1.2052315673828125,
      1.204613525390625
    ],
    "train_acc": [
      10.13,
      10.0,
      10.434,
      11.904,
      14.732,
      16.536,
      19.062,
      21.908,
      24.592,
      27.184,
      28.778,
      30.516,
      31.658,
      33.332,
      35.006,
      36.302,
      37.792,
      38.674,
      39.074,
      40.088,
      41.362,
      41.744,
      42.554,
      43.358,
      43.666,
      44.224,
      44.856,
      45.62,
      45.834,
      46.268,
      46.708,
      47.3,
      47.528,
      48.16,
      48.2,
      49.036,
      49.096,
      49.464,
      49.744,
      50.376,
      50.734,
      50.868,
      51.424,
      51.966,
      52.068,
      52.356,
      52.362,
      53.014,
      53.328,
      53.526,
      54.192,
      54.588,
      54.696,
      54.816,
      55.336,
      55.68,
      56.132,
      56.374,
      56.88,
      56.896
    ],
    "test_loss": [
      2.3030218505859374,
      2.302853546142578,
      2.3033709716796875,
      2.305875701904297,
      2.407248840332031,
      2.613061828613281,
      2.5533711242675783,
      2.5039527893066404,
      2.3649143981933594,
      2.2279429626464844,
      2.248765716552734,
      2.1351828002929687,
      2.217876739501953,
      1.9149249267578126,
      1.9424348449707032,
      1.843592529296875,
      1.7896853637695314,
      1.74169677734375,
      1.6742214965820312,
      1.6039093017578125,
      1.6224319458007812,
      1.5748228454589843,
      1.5633262634277343,
      1.54954833984375,
      1.4835478210449218,
      1.5073551940917969,
      1.5291770935058593,
      1.431219024658203,
      1.430353240966797,
      1.4134814453125,
      1.3922494506835938,
      1.4101914978027343,
      1.3787283325195312,
      1.3472088623046874,
      1.3585310363769532,
      1.3471786499023437,
      1.3370906066894532,
      1.337716064453125,
      1.312874755859375,
      1.303981170654297,
      1.2867320251464844,
      1.2781520080566406,
      1.2598055267333985,
      1.2603115081787108,
      1.2857069396972656,
      1.2477851104736328,
      1.262320556640625,
      1.2194728088378906,
      1.232692413330078,
      1.2133236694335938,
      1.2132890319824219,
      1.2081427001953124,
      1.239008026123047,
      1.188695831298828,
      1.1942842102050781,
      1.1733673858642577,
      1.1810714721679687,
      1.168949737548828,
      1.1687203216552735,
      1.152804183959961
    ],
    "test_acc": [
      10.0,
      10.0,
      10.0,
      10.0,
      10.01,
      10.02,
      10.71,
      12.75,
      16.06,
      19.23,
      19.9,
      23.59,
      21.93,
      29.77,
      30.04,
      33.35,
      34.9,
      36.82,
      38.9,
      41.16,
      40.5,
      42.12,
      42.5,
      43.07,
      44.88,
      44.75,
      43.9,
      46.98,
      47.22,
      47.78,
      48.75,
      48.33,
      49.27,
      50.13,
      50.54,
      50.7,
      50.74,
      51.21,
      52.0,
      52.35,
      53.21,
      52.97,
      53.91,
      53.94,
      53.49,
      54.38,
      54.33,
      55.6,
      55.15,
      55.55,
      56.21,
      56.54,
      55.23,
      57.08,
      56.8,
      57.73,
      57.61,
      57.9,
      57.81,
      58.59
    ]
  }
}