{
  "config": {
    "run_name": "exp2",
    "out_dir": "./results",
    "seed": 42,
    "device": null,
    "bs_train": 100,
    "bs_test": 25,
    "batches": 10,
    "epochs": 60,
    "early_stopping": 5,
    "checkpoints": null,
    "lr": 0.001,
    "reg": 0.001,
    "filters_per_layer": [
      32,
      64,
      128
    ],
    "pool_every": 6,
    "hidden_dims": [
      200,
      100
    ],
    "model_type": "ycn",
    "kw": {},
    "layers_per_block": 6
  },
  "results": {
    "num_epochs": 0,
    "train_loss": [
      2.298078125,
      2.205865478515625,
      2.0804716796875,
      1.99628515625,
      1.93199755859375,
      1.875824951171875,
      1.830916015625,
      1.792185302734375,
      1.7462882080078126,
      1.7127559814453126,
      1.6808072509765626,
      1.654365478515625,
      1.6267305908203125,
      1.6043338623046874,
      1.584884765625,
      1.5625469970703125,
      1.5449666748046875,
      1.526369140625,
      1.5147705078125,
      1.4969239501953124,
      1.485036865234375,
      1.46700341796875,
      1.4557532958984376,
      1.4413763427734374,
      1.423165771484375,
      1.4137198486328124,
      1.3960394287109374,
      1.3829215087890625,
      1.37338818359375,
      1.35503076171875,
      1.3430838623046875,
      1.330365478515625,
      1.320231201171875,
      1.305493896484375,
      1.2927479248046876,
      1.2825008544921874,
      1.2639830322265626,
      1.247101806640625,
      1.231932861328125,
      1.2210087890625,
      1.2092410888671874,
      1.1931641845703125,
      1.1755316162109375,
      1.1658524169921876,
      1.152127685546875,
      1.1417880859375,
      1.12966796875,
      1.118160888671875,
      1.1067091064453125,
      1.0956201171875,
      1.0816827392578126,
      1.0695902099609376,
      1.064850830078125,
      1.05355810546875,
      1.0451463623046875,
      1.0319715576171875,
      1.0220147094726562,
      1.0139168090820312,
      1.0016041259765625,
      0.9941881103515625
    ],
    "train_acc": [
      10.458,
      15.212,
      19.076,
      22.866,
      25.928,
      28.7,
      30.522,
      32.22,
      34.466,
      35.584,
      37.312,
      38.21,
      39.322,
      40.232,
      41.302,
      42.28,
      42.864,
      44.018,
      44.12,
      45.006,
      45.436,
      46.328,
      46.848,
      47.66,
      48.162,
      48.476,
      49.198,
      49.944,
      50.388,
      50.828,
      51.684,
      52.196,
      52.494,
      53.162,
      53.646,
      54.012,
      54.57,
      55.068,
      55.992,
      56.338,
      56.82,
      57.342,
      58.124,
      58.768,
      58.812,
      59.508,
      60.016,
      60.498,
      60.64,
      60.984,
      61.572,
      62.13,
      62.436,
      62.566,
      63.422,
      63.674,
      63.756,
      64.236,
      64.472,
      65.118
    ],
    "test_loss": [
      2.30431640625,
      2.56449951171875,
      2.8419708251953124,
      2.7412063598632814,
      2.513959503173828,
      2.253141174316406,
      2.262503967285156,
      2.13356689453125,
      2.0336656188964843,
      1.974429931640625,
      1.9005796813964844,
      1.8467800903320313,
      1.7906283569335937,
      1.7320753479003905,
      1.7970643615722657,
      1.6096974182128907,
      1.6284140014648438,
      1.5385917663574218,
      1.5008064270019532,
      1.535182647705078,
      1.5260154724121093,
      1.625692138671875,
      1.4752584838867187,
      1.4854058837890625,
      1.381981658935547,
      1.376734161376953,
      1.3395660400390625,
      1.3268675231933593,
      1.3238705444335936,
      1.3819566345214844,
      1.3096163940429688,
      1.268549346923828,
      1.2813018798828124,
      1.2330590057373048,
      1.261151123046875,
      1.1930673980712891,
      1.2079549407958985,
      1.1940833282470704,
      1.1541973876953124,
      1.169529342651367,
      1.1202180480957031,
      1.143393325805664,
      1.0880466461181642,
      1.124704818725586,
      1.070990676879883,
      1.0660719299316406,
      1.0478495025634766,
      1.0312439727783203,
      1.0546720123291016,
      1.0248391723632813,
      1.0062591552734375,
      1.0210398864746093,
      1.0357513427734375,
      0.9876014709472656,
      0.9654302978515625,
      0.9903594970703125,
      0.9772949981689453,
      0.9652281188964844,
      0.93302490234375,
      0.9452588653564453
    ],
    "test_acc": [
      10.01,
      10.0,
      10.02,
      12.16,
      15.17,
      20.22,
      21.33,
      25.38,
      28.64,
      29.97,
      32.08,
      33.63,
      35.95,
      37.71,
      37.52,
      41.56,
      41.24,
      44.19,
      45.58,
      45.14,
      45.71,
      43.31,
      47.11,
      47.59,
      49.83,
      50.59,
      51.81,
      52.23,
      52.45,
      50.84,
      53.51,
      54.65,
      54.6,
      55.69,
      55.1,
      56.99,
      56.8,
      57.28,
      58.22,
      58.53,
      59.84,
      59.02,
      60.89,
      60.23,
      61.64,
      62.1,
      62.65,
      63.31,
      62.57,
      63.4,
      64.3,
      63.85,
      63.72,
      65.2,
      66.05,
      65.33,
      65.95,
      66.58,
      67.71,
      67.39
    ]
  }
}