{
  "config": {
    "run_name": "exp2",
    "out_dir": "./results",
    "seed": 42,
    "device": null,
    "bs_train": 100,
    "bs_test": 25,
    "batches": 10,
    "epochs": 60,
    "early_stopping": 5,
    "checkpoints": null,
    "lr": 0.001,
    "reg": 0.001,
    "filters_per_layer": [
      32,
      64,
      128
    ],
    "pool_every": 3,
    "hidden_dims": [
      200,
      100
    ],
    "model_type": "ycn",
    "kw": {},
    "layers_per_block": 3
  },
  "results": {
    "num_epochs": 0,
    "train_loss": [
      2.288918212890625,
      2.10990380859375,
      1.940593994140625,
      1.8344085693359375,
      1.74524853515625,
      1.674859375,
      1.6181688232421876,
      1.57052294921875,
      1.5305628662109374,
      1.496228759765625,
      1.46349755859375,
      1.428133056640625,
      1.3871519775390626,
      1.35505712890625,
      1.3200389404296875,
      1.2813682861328124,
      1.253080810546875,
      1.2187625732421874,
      1.1851669921875,
      1.155907958984375,
      1.1264656982421875,
      1.103212158203125,
      1.0732498779296875,
      1.04987744140625,
      1.030154296875,
      1.0100208129882813,
      0.9904754638671875,
      0.9686861572265625,
      0.95040185546875,
      0.9291234741210938,
      0.9147553100585938,
      0.8975200805664062,
      0.8796577758789063,
      0.8621744384765625,
      0.8479710693359375,
      0.8351649780273438,
      0.813618408203125,
      0.8057489013671875,
      0.7964837036132812,
      0.7779066772460937,
      0.7700113525390625,
      0.7499974365234375,
      0.7424625244140625,
      0.730578857421875,
      0.7177564697265625,
      0.7050764770507812,
      0.6979498291015624,
      0.6886924438476563,
      0.6745685424804687,
      0.661073486328125,
      0.65570703125,
      0.6412728881835937,
      0.6289107666015625,
      0.6243899536132812,
      0.6102614135742187,
      0.6034978637695313,
      0.597256591796875,
      0.584176513671875,
      0.5788630981445313,
      0.57252490234375
    ],
    "train_acc": [
      12.292,
      19.328,
      25.456,
      30.654,
      34.82,
      37.748,
      39.996,
      42.082,
      43.486,
      44.99,
      46.4,
      47.644,
      49.43,
      50.75,
      52.242,
      53.554,
      54.668,
      56.252,
      57.494,
      58.322,
      59.672,
      60.402,
      61.588,
      62.494,
      63.364,
      63.95,
      64.938,
      65.724,
      66.294,
      67.15,
      67.552,
      68.346,
      69.028,
      69.652,
      70.104,
      70.652,
      71.282,
      71.772,
      72.026,
      72.816,
      73.24,
      73.828,
      74.17,
      74.56,
      75.194,
      75.4,
      75.826,
      75.986,
      76.566,
      76.92,
      77.17,
      77.62,
      78.114,
      78.362,
      78.696,
      79.076,
      79.178,
      79.738,
      79.944,
      80.038
    ],
    "test_loss": [
      2.286054840087891,
      2.1903675842285155,
      1.9273085021972656,
      1.7756802368164062,
      1.6844149780273439,
      1.6032597351074218,
      1.49302978515625,
      1.449462890625,
      1.4108677673339844,
      1.3622784423828125,
      1.325623779296875,
      1.2734346771240235,
      1.2424842071533204,
      1.200232696533203,
      1.1639789581298827,
      1.159534912109375,
      1.097588119506836,
      1.056412811279297,
      1.0354692840576172,
      1.0088395690917968,
      0.9911531066894531,
      0.9583796691894532,
      0.9323020935058594,
      0.9249890899658203,
      0.8959335327148438,
      0.8861707305908203,
      0.8570758056640625,
      0.8581304931640625,
      0.8415007019042968,
      0.8123155212402344,
      0.8040351867675781,
      0.7949736022949219,
      0.777392578125,
      0.7699552917480469,
      0.766644287109375,
      0.7469087219238282,
      0.7454827117919922,
      0.7253697204589844,
      0.7199863433837891,
      0.7164562225341797,
      0.7209878540039063,
      0.6997587585449219,
      0.6998222351074219,
      0.6865614318847656,
      0.6792227935791015,
      0.6795639038085938,
      0.666861572265625,
      0.6725516510009766,
      0.6634659576416015,
      0.6523007202148438,
      0.6501049041748047,
      0.6448971557617188,
      0.6430224609375,
      0.6337618637084961,
      0.629302864074707,
      0.6414408111572265,
      0.6334647369384766,
      0.6226265335083008,
      0.6158115005493164,
      0.6237321472167969
    ],
    "test_acc": [
      12.06,
      17.92,
      28.93,
      34.03,
      37.64,
      40.49,
      43.81,
      45.94,
      47.37,
      49.41,
      51.01,
      53.25,
      54.62,
      55.91,
      57.11,
      57.68,
      60.06,
      61.84,
      62.42,
      63.6,
      64.18,
      65.44,
      66.55,
      67.2,
      67.96,
      68.51,
      69.56,
      69.5,
      70.34,
      71.32,
      71.87,
      71.97,
      72.58,
      73.03,
      73.04,
      73.57,
      73.86,
      74.84,
      75.07,
      75.12,
      75.32,
      75.68,
      76.13,
      76.43,
      76.73,
      76.73,
      77.26,
      77.35,
      77.32,
      77.77,
      78.12,
      78.05,
      78.18,
      78.68,
      78.71,
      78.67,
      78.81,
      79.09,
      79.49,
      79.07
    ]
  }
}