{
  "config": {
    "run_name": "exp1.2",
    "out_dir": "./results",
    "seed": 42,
    "device": null,
    "bs_train": 100,
    "bs_test": 25,
    "batches": 10,
    "epochs": 60,
    "early_stopping": 5,
    "checkpoints": null,
    "lr": 0.001,
    "reg": 0.001,
    "filters_per_layer": [
      64
    ],
    "pool_every": 2,
    "hidden_dims": [
      100
    ],
    "model_type": "resnet",
    "kw": {},
    "layers_per_block": 2
  },
  "results": {
    "num_epochs": 0,
    "train_loss": [
      2.0342320556640625,
      1.8071439208984375,
      1.6759102783203126,
      1.579220947265625,
      1.4919393310546876,
      1.413467041015625,
      1.3457730712890625,
      1.284727294921875,
      1.228229736328125,
      1.1781046142578124,
      1.13425732421875,
      1.0945552978515625,
      1.058394775390625,
      1.0238992919921874,
      0.99053662109375,
      0.9579087524414063,
      0.9254675903320313,
      0.8933199462890625,
      0.86152587890625,
      0.830456787109375,
      0.8002529907226562,
      0.7705040893554688,
      0.7412542724609374,
      0.7124969482421875,
      0.6835044555664063,
      0.6550499267578125,
      0.626806884765625,
      0.5983327026367188,
      0.5706231689453125,
      0.5426409301757813,
      0.515044677734375
    ],
    "train_acc": [
      26.61,
      36.574,
      40.826,
      43.976,
      47.054,
      49.898,
      52.478,
      54.586,
      56.57,
      58.544,
      60.246,
      61.668,
      62.954,
      64.132,
      65.33,
      66.512,
      67.692,
      68.82,
      69.978,
      71.19,
      72.28,
      73.238,
      74.396,
      75.49,
      76.626,
      77.654,
      78.674,
      79.71,
      80.924,
      81.982,
      83.054
    ],
    "test_loss": [
      1.8883334350585939,
      1.7351876831054687,
      1.613569793701172,
      1.5233355712890626,
      1.4438789367675782,
      1.3748587036132813,
      1.3183601379394532,
      1.2682240295410157,
      1.22660400390625,
      1.1917790985107422,
      1.1602342987060548,
      1.136482696533203,
      1.1140870666503906,
      1.093875732421875,
      1.0757032775878905,
      1.0592021179199218,
      1.0438044738769532,
      1.0305931854248047,
      1.0207492065429689,
      1.0112699127197267,
      1.0010018920898438,
      0.9964788055419922,
      0.9908702850341797,
      0.9874164581298828,
      0.9855210113525391,
      0.984979019165039,
      0.9906636810302735,
      0.9971926879882812,
      1.0075611877441406,
      1.0185459899902343,
      1.0341407012939454
    ],
    "test_acc": [
      33.15,
      38.31,
      43.24,
      46.0,
      49.13,
      51.48,
      53.5,
      55.22,
      56.64,
      57.98,
      59.19,
      60.02,
      60.97,
      61.82,
      62.39,
      62.76,
      63.18,
      63.96,
      64.46,
      64.88,
      65.02,
      65.28,
      65.62,
      65.86,
      66.05,
      66.36,
      66.46,
      66.8,
      66.7,
      66.68,
      66.5
    ]
  }
}